vehicle_id,from_zone_id,to_zone_id,pricing_type,number_of_nodes,path_sequence
v0,o15,d7,t1,n9,15,14,13,12,11,3,6,5,7,
v1,o15,d7,t1,n9,15,14,13,12,11,3,6,5,7,
v2,o15,d7,t1,n9,15,14,13,12,11,3,6,5,7,
v3,o15,d7,t1,n9,15,14,13,12,11,3,6,5,7,
v4,o15,d7,t1,n9,15,14,13,12,11,3,6,5,7,
v5,o15,d7,t1,n9,15,14,13,12,11,3,6,5,7,
v6,o15,d7,t1,n9,15,14,13,12,11,3,6,5,7,
v7,o15,d7,t1,n9,15,14,13,12,11,3,6,5,7,
v8,o15,d7,t1,n9,15,14,13,12,11,3,6,5,7,
v9,o15,d7,t1,n9,15,14,13,12,11,3,6,5,7,
v10,o15,d7,t1,n9,15,14,13,12,11,3,6,5,7,
v11,o15,d7,t1,n9,15,14,13,12,11,3,6,5,7,
v12,o15,d7,t1,n9,15,14,13,12,11,3,6,5,7,
v13,o15,d7,t1,n9,15,14,13,12,11,3,6,5,7,
v14,o15,d7,t1,n9,15,14,13,12,11,3,6,5,7,
v15,o15,d7,t1,n9,15,14,13,12,11,3,6,5,7,
v16,o15,d7,t1,n9,15,14,13,12,11,3,6,5,7,
v17,o15,d7,t1,n9,15,14,13,12,11,3,6,5,7,
v18,o15,d7,t1,n12,15,14,13,12,16,1,2,4,3,6,5,7,
v19,o15,d7,t1,n9,15,14,13,12,11,3,6,5,7,
v20,o15,d7,t1,n9,15,14,13,12,11,3,6,5,7,
v21,o15,d7,t1,n12,15,14,13,12,16,1,2,4,3,6,5,7,
v22,o15,d7,t1,n12,15,14,13,12,16,1,2,4,3,6,5,7,
v23,o15,d7,t1,n9,15,14,13,12,11,3,6,5,7,
v24,o15,d7,t1,n12,15,14,13,12,16,1,2,4,3,6,5,7,
v25,o15,d7,t1,n12,15,14,13,12,16,1,2,4,3,6,5,7,
v26,o15,d7,t1,n9,15,14,13,12,11,3,6,5,7,
v27,o15,d7,t1,n9,15,14,13,12,11,3,6,5,7,
v28,o15,d7,t1,n12,15,14,13,12,16,1,2,4,3,6,5,7,
v29,o15,d7,t1,n12,15,14,13,12,16,1,2,4,3,6,5,7,
v30,o15,d7,t1,n9,15,14,13,12,11,3,6,5,7,
v31,o15,d7,t1,n12,15,14,13,12,16,1,2,4,3,6,5,7,
v32,o15,d7,t1,n12,15,14,13,12,16,1,2,4,3,6,5,7,
v33,o15,d7,t1,n9,15,14,13,12,11,3,6,5,7,
v34,o15,d7,t1,n9,15,14,13,12,11,3,6,5,7,
v35,o15,d7,t1,n12,15,14,13,12,16,1,2,4,3,6,5,7,
v36,o15,d7,t1,n9,15,14,13,12,11,3,6,5,7,
v37,o15,d7,t1,n9,15,14,13,12,11,3,6,5,7,
v38,o15,d7,t1,n12,15,14,13,12,16,1,2,4,3,6,5,7,
v39,o15,d7,t1,n12,15,14,13,12,16,1,2,4,3,6,5,7,
v40,o15,d7,t1,n9,15,14,13,12,11,3,6,5,7,
v41,o15,d7,t1,n9,15,14,13,12,11,3,6,5,7,
v42,o15,d7,t1,n12,15,14,13,12,16,1,2,4,3,6,5,7,
v43,o15,d7,t1,n9,15,14,13,12,11,3,6,5,7,
v44,o15,d7,t1,n9,15,14,13,12,11,3,6,5,7,
v45,o15,d7,t1,n12,15,14,13,12,16,1,2,4,3,6,5,7,
v46,o15,d7,t1,n12,15,14,13,12,16,1,2,4,3,6,5,7,
v47,o15,d7,t1,n9,15,14,13,12,11,3,6,5,7,
v48,o15,d7,t1,n12,15,14,13,12,16,1,2,4,3,6,5,7,
v49,o15,d7,t1,n12,15,14,13,12,16,1,2,4,3,6,5,7,
v50,o15,d7,t1,n9,15,14,13,12,11,3,6,5,7,
v51,o15,d7,t1,n9,15,14,13,12,11,3,6,5,7,
v52,o15,d7,t1,n12,15,14,13,12,16,1,2,4,3,6,5,7,
v53,o15,d7,t1,n12,15,14,13,12,16,1,2,4,3,6,5,7,
v54,o15,d7,t1,n9,15,14,13,12,11,3,6,5,7,
v55,o15,d7,t1,n12,15,14,13,12,16,1,2,4,3,6,5,7,
v56,o15,d7,t1,n12,15,14,13,12,16,1,2,4,3,6,5,7,
v57,o15,d7,t1,n9,15,14,13,12,11,3,6,5,7,
v58,o15,d7,t1,n9,15,14,13,12,11,3,6,5,7,
v59,o15,d7,t1,n12,15,14,13,12,16,1,2,4,3,6,5,7,
v60,o15,d7,t1,n9,15,14,13,12,11,3,6,5,7,
v61,o15,d7,t1,n9,15,14,13,12,11,3,6,5,7,
v62,o15,d7,t1,n12,15,14,13,12,16,1,2,4,3,6,5,7,
v63,o15,d7,t1,n12,15,14,13,12,16,1,2,4,3,6,5,7,
v64,o15,d7,t1,n9,15,14,13,12,11,3,6,5,7,
v65,o15,d7,t1,n9,15,14,13,12,11,3,6,5,7,
v66,o15,d7,t1,n12,15,14,13,12,16,1,2,4,3,6,5,7,
v67,o15,d7,t1,n9,15,14,13,12,11,3,6,5,7,
v68,o15,d7,t1,n9,15,14,13,12,11,3,6,5,7,
v69,o15,d7,t1,n12,15,14,13,12,16,1,2,4,3,6,5,7,
v70,o15,d7,t1,n12,15,14,13,12,16,1,2,4,3,6,5,7,
v71,o15,d7,t1,n9,15,14,13,12,11,3,6,5,7,
v72,o15,d7,t1,n12,15,14,13,12,16,1,2,4,3,6,5,7,
v73,o15,d7,t1,n12,15,14,13,12,16,1,2,4,3,6,5,7,
v74,o15,d7,t1,n9,15,14,13,12,11,3,6,5,7,
v75,o15,d7,t1,n9,15,14,13,12,11,3,6,5,7,
v76,o15,d7,t1,n12,15,14,13,12,16,1,2,4,3,6,5,7,
v77,o15,d7,t1,n9,15,14,13,12,11,3,6,5,7,
v78,o15,d7,t1,n9,15,14,13,12,11,3,6,5,7,
v79,o15,d7,t1,n12,15,14,13,12,16,1,2,4,3,6,5,7,
v80,o15,d7,t1,n12,15,14,13,12,16,1,2,4,3,6,5,7,
v81,o15,d7,t1,n9,15,14,13,12,11,3,6,5,7,
v82,o15,d7,t1,n9,15,14,13,12,11,3,6,5,7,
v83,o15,d7,t1,n12,15,14,13,12,16,1,2,4,3,6,5,7,
v84,o15,d7,t1,n9,15,14,13,12,11,3,6,5,7,
v85,o15,d7,t1,n9,15,14,13,12,11,3,6,5,7,
v86,o15,d7,t1,n12,15,14,13,12,16,1,2,4,3,6,5,7,
v87,o15,d7,t1,n12,15,14,13,12,16,1,2,4,3,6,5,7,
v88,o15,d7,t1,n9,15,14,13,12,11,3,6,5,7,
v89,o15,d7,t1,n12,15,14,13,12,16,1,2,4,3,6,5,7,
v90,o15,d7,t1,n12,15,14,13,12,16,1,2,4,3,6,5,7,
v91,o15,d7,t1,n9,15,14,13,12,11,3,6,5,7,
v92,o15,d7,t1,n9,15,14,13,12,11,3,6,5,7,
v93,o15,d7,t1,n12,15,14,13,12,16,1,2,4,3,6,5,7,
v94,o15,d7,t1,n12,15,14,13,12,16,1,2,4,3,6,5,7,
v95,o15,d7,t1,n9,15,14,13,12,11,3,6,5,7,
v96,o15,d7,t1,n12,15,14,13,12,16,1,2,4,3,6,5,7,
v97,o15,d7,t1,n12,15,14,13,12,16,1,2,4,3,6,5,7,
v98,o15,d7,t1,n9,15,14,13,12,11,3,6,5,7,
v99,o15,d7,t1,n9,15,14,13,12,11,3,6,5,7,
v100,o15,d7,t1,n12,15,14,13,12,16,1,2,4,3,6,5,7,
v101,o15,d7,t1,n9,15,14,13,12,11,3,6,5,7,
v102,o15,d7,t1,n9,15,14,13,12,11,3,6,5,7,
v103,o15,d7,t1,n12,15,14,13,12,16,1,2,4,3,6,5,7,
v104,o15,d7,t1,n12,15,14,13,12,16,1,2,4,3,6,5,7,
v105,o15,d7,t1,n9,15,14,13,12,11,3,6,5,7,
v106,o15,d7,t1,n9,15,14,13,12,11,3,6,5,7,
v107,o15,d7,t1,n12,15,14,13,12,16,1,2,4,3,6,5,7,
v108,o15,d7,t1,n9,15,14,13,12,11,3,6,5,7,
v109,o15,d7,t1,n9,15,14,13,12,11,3,6,5,7,
v110,o15,d7,t1,n12,15,14,13,12,16,1,2,4,3,6,5,7,
v111,o15,d7,t1,n12,15,14,13,12,16,1,2,4,3,6,5,7,
v112,o15,d7,t1,n9,15,14,13,12,11,3,6,5,7,
v113,o15,d7,t1,n12,15,14,13,12,16,1,2,4,3,6,5,7,
v114,o15,d7,t1,n12,15,14,13,12,16,1,2,4,3,6,5,7,
v115,o15,d7,t1,n9,15,14,13,12,11,3,6,5,7,
v116,o15,d7,t1,n9,15,14,13,12,11,3,6,5,7,
v117,o15,d7,t1,n12,15,14,13,12,16,1,2,4,3,6,5,7,
v118,o15,d7,t1,n12,15,14,13,12,16,1,2,4,3,6,5,7,
v119,o15,d7,t1,n9,15,14,13,12,11,3,6,5,7,
v120,o15,d7,t1,n12,15,14,13,12,16,1,2,4,3,6,5,7,
v121,o15,d7,t1,n12,15,14,13,12,16,1,2,4,3,6,5,7,
v122,o15,d7,t1,n9,15,14,13,12,11,3,6,5,7,
v123,o15,d7,t1,n9,15,14,13,12,11,3,6,5,7,
v124,o15,d7,t1,n12,15,14,13,12,16,1,2,4,3,6,5,7,
v125,o15,d7,t1,n9,15,14,13,12,11,3,6,5,7,
v126,o15,d7,t1,n9,15,14,13,12,11,3,6,5,7,
v127,o15,d7,t1,n12,15,14,13,12,16,1,2,4,3,6,5,7,
v128,o15,d7,t1,n12,15,14,13,12,16,1,2,4,3,6,5,7,
v129,o15,d7,t1,n9,15,14,13,12,11,3,6,5,7,
v130,o15,d7,t1,n9,15,14,13,12,11,3,6,5,7,
v131,o15,d7,t1,n12,15,14,13,12,16,1,2,4,3,6,5,7,
v132,o15,d7,t1,n9,15,14,13,12,11,3,6,5,7,
v133,o15,d7,t1,n9,15,14,13,12,11,3,6,5,7,
v134,o15,d7,t1,n12,15,14,13,12,16,1,2,4,3,6,5,7,
v135,o15,d7,t1,n12,15,14,13,12,16,1,2,4,3,6,5,7,
v136,o15,d7,t1,n9,15,14,13,12,11,3,6,5,7,
v137,o15,d7,t1,n12,15,14,13,12,16,1,2,4,3,6,5,7,
v138,o15,d7,t1,n12,15,14,13,12,16,1,2,4,3,6,5,7,
v139,o15,d7,t1,n9,15,14,13,12,11,3,6,5,7,
v140,o15,d7,t1,n9,15,14,13,12,11,3,6,5,7,
v141,o15,d7,t1,n12,15,14,13,12,16,1,2,4,3,6,5,7,
v142,o15,d7,t1,n12,15,14,13,12,16,1,2,4,3,6,5,7,
v143,o15,d7,t1,n9,15,14,13,12,11,3,6,5,7,
v144,o15,d7,t1,n12,15,14,13,12,16,1,2,4,3,6,5,7,
v145,o15,d7,t1,n12,15,14,13,12,16,1,2,4,3,6,5,7,
v146,o15,d7,t1,n9,15,14,13,12,11,3,6,5,7,
v147,o15,d7,t1,n9,15,14,13,12,11,3,6,5,7,
v148,o15,d7,t1,n12,15,14,13,12,16,1,2,4,3,6,5,7,
v149,o15,d7,t1,n9,15,14,13,12,11,3,6,5,7,
v150,o15,d7,t1,n9,15,14,13,12,11,3,6,5,7,
v151,o15,d7,t1,n12,15,14,13,12,16,1,2,4,3,6,5,7,
v152,o15,d7,t1,n12,15,14,13,12,16,1,2,4,3,6,5,7,
v153,o15,d7,t1,n9,15,14,13,12,11,3,6,5,7,
v154,o15,d7,t1,n12,15,14,13,12,16,1,2,4,3,6,5,7,
v155,o15,d7,t1,n12,15,14,13,12,16,1,2,4,3,6,5,7,
v156,o15,d7,t1,n9,15,14,13,12,11,3,6,5,7,
v157,o15,d7,t1,n9,15,14,13,12,11,3,6,5,7,
v158,o15,d7,t1,n12,15,14,13,12,16,1,2,4,3,6,5,7,
v159,o15,d7,t1,n12,15,14,13,12,16,1,2,4,3,6,5,7,
v160,o15,d7,t1,n9,15,14,13,12,11,3,6,5,7,
v161,o15,d7,t1,n12,15,14,13,12,16,1,2,4,3,6,5,7,
v162,o15,d7,t1,n12,15,14,13,12,16,1,2,4,3,6,5,7,
v163,o15,d7,t1,n9,15,14,13,12,11,3,6,5,7,
v164,o15,d7,t1,n9,15,14,13,12,11,3,6,5,7,
v165,o15,d7,t1,n12,15,14,13,12,16,1,2,4,3,6,5,7,
v166,o15,d7,t1,n9,15,14,13,12,11,3,6,5,7,
v167,o15,d7,t1,n9,15,14,13,12,11,3,6,5,7,
v168,o15,d7,t1,n12,15,14,13,12,16,1,2,4,3,6,5,7,
v169,o15,d7,t1,n12,15,14,13,12,16,1,2,4,3,6,5,7,
v170,o15,d7,t1,n9,15,14,13,12,11,3,6,5,7,
v171,o15,d7,t1,n9,15,14,13,12,11,3,6,5,7,
v172,o15,d7,t1,n12,15,14,13,12,16,1,2,4,3,6,5,7,
v173,o15,d7,t1,n9,15,14,13,12,11,3,6,5,7,
v174,o15,d7,t1,n9,15,14,13,12,11,3,6,5,7,
v175,o15,d7,t1,n12,15,14,13,12,16,1,2,4,3,6,5,7,
v176,o15,d7,t1,n12,15,14,13,12,16,1,2,4,3,6,5,7,
v177,o15,d7,t1,n9,15,14,13,12,11,3,6,5,7,
v178,o15,d7,t1,n12,15,14,13,12,16,1,2,4,3,6,5,7,
v179,o15,d7,t1,n12,15,14,13,12,16,1,2,4,3,6,5,7,
v180,o15,d7,t1,n9,15,14,13,12,11,3,6,5,7,
v181,o15,d7,t1,n9,15,14,13,12,11,3,6,5,7,
v182,o15,d7,t1,n12,15,14,13,12,16,1,2,4,3,6,5,7,
v183,o15,d7,t1,n12,15,14,13,12,16,1,2,4,3,6,5,7,
v184,o15,d7,t1,n9,15,14,13,12,11,3,6,5,7,
v185,o15,d7,t1,n12,15,14,13,12,16,1,2,4,3,6,5,7,
v186,o15,d7,t1,n12,15,14,13,12,16,1,2,4,3,6,5,7,
v187,o15,d7,t1,n9,15,14,13,12,11,3,6,5,7,
v188,o15,d7,t1,n9,15,14,13,12,11,3,6,5,7,
v189,o15,d7,t1,n12,15,14,13,12,16,1,2,4,3,6,5,7,
v190,o15,d7,t1,n9,15,14,13,12,11,3,6,5,7,
v191,o15,d7,t1,n9,15,14,13,12,11,3,6,5,7,
v192,o15,d7,t1,n12,15,14,13,12,16,1,2,4,3,6,5,7,
v193,o15,d7,t1,n12,15,14,13,12,16,1,2,4,3,6,5,7,
v194,o15,d7,t1,n9,15,14,13,12,11,3,6,5,7,
v195,o15,d7,t1,n9,15,14,13,12,11,3,6,5,7,
v196,o15,d7,t1,n12,15,14,13,12,16,1,2,4,3,6,5,7,
v197,o15,d7,t1,n9,15,14,13,12,11,3,6,5,7,
v198,o15,d7,t1,n9,15,14,13,12,11,3,6,5,7,
v199,o15,d7,t1,n12,15,14,13,12,16,1,2,4,3,6,5,7,
v200,o15,d7,t1,n12,15,14,13,12,16,1,2,4,3,6,5,7,
v201,o15,d7,t1,n9,15,14,13,12,11,3,6,5,7,
v202,o15,d7,t1,n12,15,14,13,12,16,1,2,4,3,6,5,7,
v203,o15,d7,t1,n12,15,14,13,12,16,1,2,4,3,6,5,7,
v204,o15,d7,t1,n9,15,14,13,12,11,3,6,5,7,
v205,o15,d7,t1,n9,15,14,13,12,11,3,6,5,7,
v206,o15,d7,t1,n12,15,14,13,12,16,1,2,4,3,6,5,7,
v207,o15,d7,t1,n12,15,14,13,12,16,1,2,4,3,6,5,7,
v208,o15,d7,t1,n9,15,14,13,12,11,3,6,5,7,
v209,o15,d7,t1,n12,15,14,13,12,16,1,2,4,3,6,5,7,
v210,o15,d7,t1,n12,15,14,13,12,16,1,2,4,3,6,5,7,
v211,o15,d7,t1,n9,15,14,13,12,11,3,6,5,7,
v212,o15,d7,t1,n9,15,14,13,12,11,3,6,5,7,
v213,o15,d7,t1,n12,15,14,13,12,16,1,2,4,3,6,5,7,
v214,o15,d7,t1,n9,15,14,13,12,11,3,6,5,7,
v215,o15,d7,t1,n9,15,14,13,12,11,3,6,5,7,
v216,o15,d7,t1,n12,15,14,13,12,16,1,2,4,3,6,5,7,
v217,o15,d7,t1,n12,15,14,13,12,16,1,2,4,3,6,5,7,
v218,o15,d7,t1,n9,15,14,13,12,11,3,6,5,7,
v219,o15,d7,t1,n9,15,14,13,12,11,3,6,5,7,
v220,o15,d7,t1,n12,15,14,13,12,16,1,2,4,3,6,5,7,
v221,o15,d7,t1,n9,15,14,13,12,11,3,6,5,7,
v222,o15,d7,t1,n9,15,14,13,12,11,3,6,5,7,
v223,o15,d7,t1,n12,15,14,13,12,16,1,2,4,3,6,5,7,
v224,o15,d7,t1,n12,15,14,13,12,16,1,2,4,3,6,5,7,
v225,o15,d7,t1,n9,15,14,13,12,11,3,6,5,7,
v226,o15,d7,t1,n12,15,14,13,12,16,1,2,4,3,6,5,7,
v227,o15,d7,t1,n12,15,14,13,12,16,1,2,4,3,6,5,7,
v228,o15,d7,t1,n9,15,14,13,12,11,3,6,5,7,
v229,o15,d7,t1,n9,15,14,13,12,11,3,6,5,7,
v230,o15,d7,t1,n12,15,14,13,12,16,1,2,4,3,6,5,7,
v231,o15,d7,t1,n9,15,14,13,12,11,3,6,5,7,
v232,o15,d7,t1,n9,15,14,13,12,11,3,6,5,7,
v233,o15,d7,t1,n12,15,14,13,12,16,1,2,4,3,6,5,7,
v234,o15,d7,t1,n12,15,14,13,12,16,1,2,4,3,6,5,7,
v235,o15,d7,t1,n9,15,14,13,12,11,3,6,5,7,
v236,o15,d7,t1,n9,15,14,13,12,11,3,6,5,7,
v237,o15,d7,t1,n12,15,14,13,12,16,1,2,4,3,6,5,7,
v238,o15,d7,t1,n9,15,14,13,12,11,3,6,5,7,
v239,o15,d7,t1,n9,15,14,13,12,11,3,6,5,7,
v240,o15,d7,t1,n12,15,14,13,12,16,1,2,4,3,6,5,7,
v241,o15,d7,t1,n12,15,14,13,12,16,1,2,4,3,6,5,7,
v242,o15,d7,t1,n9,15,14,13,12,11,3,6,5,7,
v243,o15,d7,t1,n12,15,14,13,12,16,1,2,4,3,6,5,7,
v244,o15,d7,t1,n12,15,14,13,12,16,1,2,4,3,6,5,7,
v245,o15,d7,t1,n9,15,14,13,12,11,3,6,5,7,
v246,o15,d7,t1,n9,15,14,13,12,11,3,6,5,7,
v247,o15,d7,t1,n12,15,14,13,12,16,1,2,4,3,6,5,7,
v248,o15,d7,t1,n12,15,14,13,12,16,1,2,4,3,6,5,7,
v249,o15,d7,t1,n9,15,14,13,12,11,3,6,5,7,
v250,o15,d7,t1,n9,15,14,13,12,11,3,6,5,7,
v251,o15,d7,t1,n9,15,14,13,12,11,3,6,5,7,
v252,o15,d7,t1,n9,15,14,13,12,11,3,6,5,7,
v253,o15,d7,t1,n9,15,14,13,12,11,3,6,5,7,
v254,o15,d7,t1,n9,15,14,13,12,11,3,6,5,7,
v255,o15,d7,t1,n9,15,14,13,12,11,3,6,5,7,
v256,o15,d7,t1,n9,15,14,13,12,11,3,6,5,7,
v257,o15,d7,t1,n9,15,14,13,12,11,3,6,5,7,
v258,o15,d7,t1,n9,15,14,13,12,11,3,6,5,7,
v259,o15,d7,t1,n9,15,14,13,12,11,3,6,5,7,
v260,o15,d7,t1,n9,15,14,13,12,11,3,6,5,7,
v261,o15,d7,t1,n9,15,14,13,12,11,3,6,5,7,
v262,o15,d7,t1,n9,15,14,13,12,11,3,6,5,7,
v263,o15,d7,t1,n9,15,14,13,12,11,3,6,5,7,
v264,o15,d7,t1,n9,15,14,13,12,11,3,6,5,7,
v265,o15,d7,t1,n9,15,14,13,12,11,3,6,5,7,
v266,o15,d7,t1,n9,15,14,13,12,11,3,6,5,7,
v267,o15,d7,t1,n12,15,14,13,12,16,1,2,4,3,6,5,7,
v268,o15,d7,t1,n12,15,14,13,12,16,1,2,4,3,6,5,7,
v269,o15,d7,t1,n9,15,14,13,12,11,3,6,5,7,
v270,o15,d7,t1,n9,15,14,13,12,11,3,6,5,7,
v271,o15,d7,t1,n12,15,14,13,12,16,1,2,4,3,6,5,7,
v272,o15,d7,t1,n12,15,14,13,12,16,1,2,4,3,6,5,7,
v273,o15,d7,t1,n9,15,14,13,12,11,3,6,5,7,
v274,o15,d7,t1,n12,15,14,13,12,16,1,2,4,3,6,5,7,
v275,o15,d7,t1,n12,15,14,13,12,16,1,2,4,3,6,5,7,
v276,o15,d7,t1,n9,15,14,13,12,11,3,6,5,7,
v277,o15,d7,t1,n9,15,14,13,12,11,3,6,5,7,
v278,o15,d7,t1,n12,15,14,13,12,16,1,2,4,3,6,5,7,
v279,o15,d7,t1,n9,15,14,13,12,11,3,6,5,7,
v280,o15,d7,t1,n9,15,14,13,12,11,3,6,5,7,
v281,o15,d7,t1,n12,15,14,13,12,16,1,2,4,3,6,5,7,
v282,o15,d7,t1,n12,15,14,13,12,16,1,2,4,3,6,5,7,
v283,o15,d7,t1,n9,15,14,13,12,11,3,6,5,7,
v284,o15,d7,t1,n9,15,14,13,12,11,3,6,5,7,
v285,o15,d7,t1,n12,15,14,13,12,16,1,2,4,3,6,5,7,
v286,o15,d7,t1,n9,15,14,13,12,11,3,6,5,7,
v287,o15,d7,t1,n9,15,14,13,12,11,3,6,5,7,
v288,o15,d7,t1,n12,15,14,13,12,16,1,2,4,3,6,5,7,
v289,o15,d7,t1,n12,15,14,13,12,16,1,2,4,3,6,5,7,
v290,o15,d7,t1,n9,15,14,13,12,11,3,6,5,7,
v291,o15,d7,t1,n12,15,14,13,12,16,1,2,4,3,6,5,7,
v292,o15,d7,t1,n12,15,14,13,12,16,1,2,4,3,6,5,7,
v293,o15,d7,t1,n9,15,14,13,12,11,3,6,5,7,
v294,o15,d7,t1,n9,15,14,13,12,11,3,6,5,7,
v295,o15,d7,t1,n12,15,14,13,12,16,1,2,4,3,6,5,7,
v296,o15,d7,t1,n12,15,14,13,12,16,1,2,4,3,6,5,7,
v297,o15,d7,t1,n9,15,14,13,12,11,3,6,5,7,
v298,o15,d7,t1,n12,15,14,13,12,16,1,2,4,3,6,5,7,
v299,o15,d7,t1,n12,15,14,13,12,16,1,2,4,3,6,5,7,
v300,o15,d7,t1,n9,15,14,13,12,11,3,6,5,7,
v301,o15,d7,t1,n9,15,14,13,12,11,3,6,5,7,
v302,o15,d7,t1,n12,15,14,13,12,16,1,2,4,3,6,5,7,
v303,o15,d7,t1,n9,15,14,13,12,11,3,6,5,7,
v304,o15,d7,t1,n9,15,14,13,12,11,3,6,5,7,
v305,o15,d7,t1,n12,15,14,13,12,16,1,2,4,3,6,5,7,
v306,o15,d7,t1,n12,15,14,13,12,16,1,2,4,3,6,5,7,
v307,o15,d7,t1,n9,15,14,13,12,11,3,6,5,7,
v308,o15,d7,t1,n12,15,14,13,12,16,1,2,4,3,6,5,7,
v309,o15,d7,t1,n12,15,14,13,12,16,1,2,4,3,6,5,7,
v310,o15,d7,t1,n9,15,14,13,12,11,3,6,5,7,
v311,o15,d7,t1,n9,15,14,13,12,11,3,6,5,7,
v312,o15,d7,t1,n12,15,14,13,12,16,1,2,4,3,6,5,7,
v313,o15,d7,t1,n12,15,14,13,12,16,1,2,4,3,6,5,7,
v314,o15,d7,t1,n9,15,14,13,12,11,3,6,5,7,
v315,o15,d7,t1,n12,15,14,13,12,16,1,2,4,3,6,5,7,
v316,o15,d7,t1,n12,15,14,13,12,16,1,2,4,3,6,5,7,
v317,o15,d7,t1,n9,15,14,13,12,11,3,6,5,7,
v318,o15,d7,t1,n9,15,14,13,12,11,3,6,5,7,
v319,o15,d7,t1,n12,15,14,13,12,16,1,2,4,3,6,5,7,
v320,o15,d7,t1,n9,15,14,13,12,11,3,6,5,7,
v321,o15,d7,t1,n9,15,14,13,12,11,3,6,5,7,
v322,o15,d7,t1,n12,15,14,13,12,16,1,2,4,3,6,5,7,
v323,o15,d7,t1,n12,15,14,13,12,16,1,2,4,3,6,5,7,
v324,o15,d7,t1,n9,15,14,13,12,11,3,6,5,7,
v325,o15,d7,t1,n9,15,14,13,12,11,3,6,5,7,
v326,o15,d7,t1,n12,15,14,13,12,16,1,2,4,3,6,5,7,
v327,o15,d7,t1,n9,15,14,13,12,11,3,6,5,7,
v328,o15,d7,t1,n9,15,14,13,12,11,3,6,5,7,
v329,o15,d7,t1,n12,15,14,13,12,16,1,2,4,3,6,5,7,
v330,o15,d7,t1,n12,15,14,13,12,16,1,2,4,3,6,5,7,
v331,o15,d7,t1,n9,15,14,13,12,11,3,6,5,7,
v332,o15,d7,t1,n12,15,14,13,12,16,1,2,4,3,6,5,7,
v333,o15,d7,t1,n12,15,14,13,12,16,1,2,4,3,6,5,7,
v334,o15,d7,t1,n9,15,14,13,12,11,3,6,5,7,
v335,o15,d7,t1,n9,15,14,13,12,11,3,6,5,7,
v336,o15,d7,t1,n12,15,14,13,12,16,1,2,4,3,6,5,7,
v337,o15,d7,t1,n12,15,14,13,12,16,1,2,4,3,6,5,7,
v338,o15,d7,t1,n9,15,14,13,12,11,3,6,5,7,
v339,o15,d7,t1,n12,15,14,13,12,16,1,2,4,3,6,5,7,
v340,o15,d7,t1,n12,15,14,13,12,16,1,2,4,3,6,5,7,
v341,o15,d7,t1,n9,15,14,13,12,11,3,6,5,7,
v342,o15,d7,t1,n9,15,14,13,12,11,3,6,5,7,
v343,o15,d7,t1,n12,15,14,13,12,16,1,2,4,3,6,5,7,
v344,o15,d7,t1,n9,15,14,13,12,11,3,6,5,7,
v345,o15,d7,t1,n9,15,14,13,12,11,3,6,5,7,
v346,o15,d7,t1,n12,15,14,13,12,16,1,2,4,3,6,5,7,
v347,o15,d7,t1,n12,15,14,13,12,16,1,2,4,3,6,5,7,
v348,o15,d7,t1,n9,15,14,13,12,11,3,6,5,7,
v349,o15,d7,t1,n9,15,14,13,12,11,3,6,5,7,
v350,o15,d7,t1,n12,15,14,13,12,16,1,2,4,3,6,5,7,
v351,o15,d7,t1,n9,15,14,13,12,11,3,6,5,7,
v352,o15,d7,t1,n9,15,14,13,12,11,3,6,5,7,
v353,o15,d7,t1,n12,15,14,13,12,16,1,2,4,3,6,5,7,
v354,o15,d7,t1,n12,15,14,13,12,16,1,2,4,3,6,5,7,
v355,o15,d7,t1,n9,15,14,13,12,11,3,6,5,7,
v356,o15,d7,t1,n12,15,14,13,12,16,1,2,4,3,6,5,7,
v357,o15,d7,t1,n12,15,14,13,12,16,1,2,4,3,6,5,7,
v358,o15,d7,t1,n9,15,14,13,12,11,3,6,5,7,
v359,o15,d7,t1,n9,15,14,13,12,11,3,6,5,7,
v360,o15,d7,t1,n12,15,14,13,12,16,1,2,4,3,6,5,7,
v361,o15,d7,t1,n12,15,14,13,12,16,1,2,4,3,6,5,7,
v362,o15,d7,t1,n9,15,14,13,12,11,3,6,5,7,
v363,o15,d7,t1,n12,15,14,13,12,16,1,2,4,3,6,5,7,
v364,o15,d7,t1,n12,15,14,13,12,16,1,2,4,3,6,5,7,
v365,o15,d7,t1,n9,15,14,13,12,11,3,6,5,7,
v366,o15,d7,t1,n9,15,14,13,12,11,3,6,5,7,
v367,o15,d7,t1,n12,15,14,13,12,16,1,2,4,3,6,5,7,
v368,o15,d7,t1,n9,15,14,13,12,11,3,6,5,7,
v369,o15,d7,t1,n9,15,14,13,12,11,3,6,5,7,
v370,o15,d7,t1,n12,15,14,13,12,16,1,2,4,3,6,5,7,
v371,o15,d7,t1,n12,15,14,13,12,16,1,2,4,3,6,5,7,
v372,o15,d7,t1,n9,15,14,13,12,11,3,6,5,7,
v373,o15,d7,t1,n9,15,14,13,12,11,3,6,5,7,
v374,o15,d7,t1,n12,15,14,13,12,16,1,2,4,3,6,5,7,
v375,o15,d7,t1,n9,15,14,13,12,11,3,6,5,7,
v376,o15,d7,t1,n9,15,14,13,12,11,3,6,5,7,
v377,o15,d7,t1,n12,15,14,13,12,16,1,2,4,3,6,5,7,
v378,o15,d7,t1,n12,15,14,13,12,16,1,2,4,3,6,5,7,
v379,o15,d7,t1,n9,15,14,13,12,11,3,6,5,7,
v380,o15,d7,t1,n12,15,14,13,12,16,1,2,4,3,6,5,7,
v381,o15,d7,t1,n12,15,14,13,12,16,1,2,4,3,6,5,7,
v382,o15,d7,t1,n9,15,14,13,12,11,3,6,5,7,
v383,o15,d7,t1,n9,15,14,13,12,11,3,6,5,7,
v384,o15,d7,t1,n12,15,14,13,12,16,1,2,4,3,6,5,7,
v385,o15,d7,t1,n9,15,14,13,12,11,3,6,5,7,
v386,o15,d7,t1,n9,15,14,13,12,11,3,6,5,7,
v387,o15,d7,t1,n12,15,14,13,12,16,1,2,4,3,6,5,7,
v388,o15,d7,t1,n12,15,14,13,12,16,1,2,4,3,6,5,7,
v389,o15,d7,t1,n9,15,14,13,12,11,3,6,5,7,
v390,o15,d7,t1,n9,15,14,13,12,11,3,6,5,7,
v391,o15,d7,t1,n12,15,14,13,12,16,1,2,4,3,6,5,7,
v392,o15,d7,t1,n9,15,14,13,12,11,3,6,5,7,
v393,o15,d7,t1,n9,15,14,13,12,11,3,6,5,7,
v394,o15,d7,t1,n12,15,14,13,12,16,1,2,4,3,6,5,7,
v395,o15,d7,t1,n12,15,14,13,12,16,1,2,4,3,6,5,7,
v396,o15,d7,t1,n9,15,14,13,12,11,3,6,5,7,
v397,o15,d7,t1,n12,15,14,13,12,16,1,2,4,3,6,5,7,
v398,o15,d7,t1,n12,15,14,13,12,16,1,2,4,3,6,5,7,
v399,o15,d7,t1,n9,15,14,13,12,11,3,6,5,7,
v400,o15,d7,t1,n9,15,14,13,12,11,3,6,5,7,
v401,o15,d7,t1,n12,15,14,13,12,16,1,2,4,3,6,5,7,
v402,o15,d7,t1,n12,15,14,13,12,16,1,2,4,3,6,5,7,
v403,o15,d7,t1,n9,15,14,13,12,11,3,6,5,7,
v404,o15,d7,t1,n12,15,14,13,12,16,1,2,4,3,6,5,7,
v405,o15,d7,t1,n12,15,14,13,12,16,1,2,4,3,6,5,7,
v406,o15,d7,t1,n9,15,14,13,12,11,3,6,5,7,
v407,o15,d7,t1,n9,15,14,13,12,11,3,6,5,7,
v408,o15,d7,t1,n12,15,14,13,12,16,1,2,4,3,6,5,7,
v409,o15,d7,t1,n9,15,14,13,12,11,3,6,5,7,
v410,o15,d7,t1,n9,15,14,13,12,11,3,6,5,7,
v411,o15,d7,t1,n12,15,14,13,12,16,1,2,4,3,6,5,7,
v412,o15,d7,t1,n12,15,14,13,12,16,1,2,4,3,6,5,7,
v413,o15,d7,t1,n9,15,14,13,12,11,3,6,5,7,
v414,o15,d7,t1,n9,15,14,13,12,11,3,6,5,7,
v415,o15,d7,t1,n12,15,14,13,12,16,1,2,4,3,6,5,7,
v416,o15,d7,t1,n9,15,14,13,12,11,3,6,5,7,
v417,o15,d7,t1,n9,15,14,13,12,11,3,6,5,7,
v418,o15,d7,t1,n12,15,14,13,12,16,1,2,4,3,6,5,7,
v419,o15,d7,t1,n12,15,14,13,12,16,1,2,4,3,6,5,7,
v420,o15,d7,t1,n9,15,14,13,12,11,3,6,5,7,
v421,o15,d7,t1,n12,15,14,13,12,16,1,2,4,3,6,5,7,
v422,o15,d7,t1,n12,15,14,13,12,16,1,2,4,3,6,5,7,
v423,o15,d7,t1,n9,15,14,13,12,11,3,6,5,7,
v424,o15,d7,t1,n9,15,14,13,12,11,3,6,5,7,
v425,o15,d7,t1,n12,15,14,13,12,16,1,2,4,3,6,5,7,
v426,o15,d7,t1,n12,15,14,13,12,16,1,2,4,3,6,5,7,
v427,o15,d7,t1,n9,15,14,13,12,11,3,6,5,7,
v428,o15,d7,t1,n12,15,14,13,12,16,1,2,4,3,6,5,7,
v429,o15,d7,t1,n12,15,14,13,12,16,1,2,4,3,6,5,7,
v430,o15,d7,t1,n9,15,14,13,12,11,3,6,5,7,
v431,o15,d7,t1,n9,15,14,13,12,11,3,6,5,7,
v432,o15,d7,t1,n12,15,14,13,12,16,1,2,4,3,6,5,7,
v433,o15,d7,t1,n9,15,14,13,12,11,3,6,5,7,
v434,o15,d7,t1,n9,15,14,13,12,11,3,6,5,7,
v435,o15,d7,t1,n12,15,14,13,12,16,1,2,4,3,6,5,7,
v436,o15,d7,t1,n12,15,14,13,12,16,1,2,4,3,6,5,7,
v437,o15,d7,t1,n9,15,14,13,12,11,3,6,5,7,
v438,o15,d7,t1,n9,15,14,13,12,11,3,6,5,7,
v439,o15,d7,t1,n12,15,14,13,12,16,1,2,4,3,6,5,7,
v440,o15,d7,t1,n9,15,14,13,12,11,3,6,5,7,
v441,o15,d7,t1,n9,15,14,13,12,11,3,6,5,7,
v442,o15,d7,t1,n12,15,14,13,12,16,1,2,4,3,6,5,7,
v443,o15,d7,t1,n12,15,14,13,12,16,1,2,4,3,6,5,7,
v444,o15,d7,t1,n9,15,14,13,12,11,3,6,5,7,
v445,o15,d7,t1,n12,15,14,13,12,16,1,2,4,3,6,5,7,
v446,o15,d7,t1,n12,15,14,13,12,16,1,2,4,3,6,5,7,
v447,o15,d7,t1,n9,15,14,13,12,11,3,6,5,7,
v448,o15,d7,t1,n9,15,14,13,12,11,3,6,5,7,
v449,o15,d7,t1,n12,15,14,13,12,16,1,2,4,3,6,5,7,
v450,o15,d7,t1,n12,15,14,13,12,16,1,2,4,3,6,5,7,
v451,o15,d7,t1,n9,15,14,13,12,11,3,6,5,7,
v452,o15,d7,t1,n12,15,14,13,12,16,1,2,4,3,6,5,7,
v453,o15,d7,t1,n12,15,14,13,12,16,1,2,4,3,6,5,7,
v454,o15,d7,t1,n9,15,14,13,12,11,3,6,5,7,
v455,o15,d7,t1,n9,15,14,13,12,11,3,6,5,7,
v456,o15,d7,t1,n12,15,14,13,12,16,1,2,4,3,6,5,7,
v457,o15,d7,t1,n9,15,14,13,12,11,3,6,5,7,
v458,o15,d7,t1,n9,15,14,13,12,11,3,6,5,7,
v459,o15,d7,t1,n12,15,14,13,12,16,1,2,4,3,6,5,7,
v460,o15,d7,t1,n12,15,14,13,12,16,1,2,4,3,6,5,7,
v461,o15,d7,t1,n9,15,14,13,12,11,3,6,5,7,
v462,o15,d7,t1,n12,15,14,13,12,16,1,2,4,3,6,5,7,
v463,o15,d7,t1,n12,15,14,13,12,16,1,2,4,3,6,5,7,
v464,o15,d7,t1,n9,15,14,13,12,11,3,6,5,7,
v465,o15,d7,t1,n9,15,14,13,12,11,3,6,5,7,
v466,o15,d7,t1,n12,15,14,13,12,16,1,2,4,3,6,5,7,
v467,o15,d7,t1,n12,15,14,13,12,16,1,2,4,3,6,5,7,
v468,o15,d7,t1,n9,15,14,13,12,11,3,6,5,7,
v469,o15,d7,t1,n12,15,14,13,12,16,1,2,4,3,6,5,7,
v470,o15,d7,t1,n12,15,14,13,12,16,1,2,4,3,6,5,7,
v471,o15,d7,t1,n9,15,14,13,12,11,3,6,5,7,
v472,o15,d7,t1,n9,15,14,13,12,11,3,6,5,7,
v473,o15,d7,t1,n12,15,14,13,12,16,1,2,4,3,6,5,7,
v474,o15,d7,t1,n9,15,14,13,12,11,3,6,5,7,
v475,o15,d7,t1,n9,15,14,13,12,11,3,6,5,7,
v476,o15,d7,t1,n12,15,14,13,12,16,1,2,4,3,6,5,7,
v477,o15,d7,t1,n12,15,14,13,12,16,1,2,4,3,6,5,7,
v478,o15,d7,t1,n9,15,14,13,12,11,3,6,5,7,
v479,o15,d7,t1,n9,15,14,13,12,11,3,6,5,7,
v480,o15,d7,t1,n12,15,14,13,12,16,1,2,4,3,6,5,7,
v481,o15,d7,t1,n9,15,14,13,12,11,3,6,5,7,
v482,o15,d7,t1,n9,15,14,13,12,11,3,6,5,7,
v483,o15,d7,t1,n12,15,14,13,12,16,1,2,4,3,6,5,7,
v484,o15,d7,t1,n12,15,14,13,12,16,1,2,4,3,6,5,7,
v485,o15,d7,t1,n9,15,14,13,12,11,3,6,5,7,
v486,o15,d7,t1,n12,15,14,13,12,16,1,2,4,3,6,5,7,
v487,o15,d7,t1,n12,15,14,13,12,16,1,2,4,3,6,5,7,
v488,o15,d7,t1,n9,15,14,13,12,11,3,6,5,7,
v489,o15,d7,t1,n9,15,14,13,12,11,3,6,5,7,
v490,o15,d7,t1,n12,15,14,13,12,16,1,2,4,3,6,5,7,
v491,o15,d7,t1,n12,15,14,13,12,16,1,2,4,3,6,5,7,
v492,o15,d7,t1,n9,15,14,13,12,11,3,6,5,7,
v493,o15,d7,t1,n12,15,14,13,12,16,1,2,4,3,6,5,7,
v494,o15,d7,t1,n12,15,14,13,12,16,1,2,4,3,6,5,7,
v495,o15,d7,t1,n9,15,14,13,12,11,3,6,5,7,
v496,o15,d7,t1,n9,15,14,13,12,11,3,6,5,7,
v497,o15,d7,t1,n12,15,14,13,12,16,1,2,4,3,6,5,7,
v498,o15,d7,t1,n9,15,14,13,12,11,3,6,5,7,
v499,o15,d7,t1,n9,15,14,13,12,11,3,6,5,7,
v500,o15,d7,t1,n9,15,14,13,12,11,3,6,5,7,
v501,o15,d7,t1,n9,15,14,13,12,11,3,6,5,7,
v502,o15,d7,t1,n9,15,14,13,12,11,3,6,5,7,
v503,o15,d7,t1,n9,15,14,13,12,11,3,6,5,7,
v504,o15,d7,t1,n9,15,14,13,12,11,3,6,5,7,
v505,o15,d7,t1,n9,15,14,13,12,11,3,6,5,7,
v506,o15,d7,t1,n9,15,14,13,12,11,3,6,5,7,
v507,o15,d7,t1,n9,15,14,13,12,11,3,6,5,7,
v508,o15,d7,t1,n9,15,14,13,12,11,3,6,5,7,
v509,o15,d7,t1,n9,15,14,13,12,11,3,6,5,7,
v510,o15,d7,t1,n9,15,14,13,12,11,3,6,5,7,
v511,o15,d7,t1,n9,15,14,13,12,11,3,6,5,7,
v512,o15,d7,t1,n9,15,14,13,12,11,3,6,5,7,
v513,o15,d7,t1,n9,15,14,13,12,11,3,6,5,7,
v514,o15,d7,t1,n9,15,14,13,12,11,3,6,5,7,
v515,o15,d7,t1,n9,15,14,13,12,11,3,6,5,7,
v516,o15,d7,t1,n9,15,14,13,12,11,3,6,5,7,
v517,o15,d7,t1,n12,15,14,13,12,16,1,2,4,3,6,5,7,
v518,o15,d7,t1,n12,15,14,13,12,16,1,2,4,3,6,5,7,
v519,o15,d7,t1,n9,15,14,13,12,11,3,6,5,7,
v520,o15,d7,t1,n9,15,14,13,12,11,3,6,5,7,
v521,o15,d7,t1,n12,15,14,13,12,16,1,2,4,3,6,5,7,
v522,o15,d7,t1,n9,15,14,13,12,11,3,6,5,7,
v523,o15,d7,t1,n9,15,14,13,12,11,3,6,5,7,
v524,o15,d7,t1,n12,15,14,13,12,16,1,2,4,3,6,5,7,
v525,o15,d7,t1,n12,15,14,13,12,16,1,2,4,3,6,5,7,
v526,o15,d7,t1,n9,15,14,13,12,11,3,6,5,7,
v527,o15,d7,t1,n9,15,14,13,12,11,3,6,5,7,
v528,o15,d7,t1,n12,15,14,13,12,16,1,2,4,3,6,5,7,
v529,o15,d7,t1,n9,15,14,13,12,11,3,6,5,7,
v530,o15,d7,t1,n9,15,14,13,12,11,3,6,5,7,
v531,o15,d7,t1,n12,15,14,13,12,16,1,2,4,3,6,5,7,
v532,o15,d7,t1,n12,15,14,13,12,16,1,2,4,3,6,5,7,
v533,o15,d7,t1,n9,15,14,13,12,11,3,6,5,7,
v534,o15,d7,t1,n12,15,14,13,12,16,1,2,4,3,6,5,7,
v535,o15,d7,t1,n12,15,14,13,12,16,1,2,4,3,6,5,7,
v536,o15,d7,t1,n9,15,14,13,12,11,3,6,5,7,
v537,o15,d7,t1,n9,15,14,13,12,11,3,6,5,7,
v538,o15,d7,t1,n12,15,14,13,12,16,1,2,4,3,6,5,7,
v539,o15,d7,t1,n9,15,14,13,12,11,3,6,5,7,
v540,o15,d7,t1,n9,15,14,13,12,11,3,6,5,7,
v541,o15,d7,t1,n12,15,14,13,12,16,1,2,4,3,6,5,7,
v542,o15,d7,t1,n12,15,14,13,12,16,1,2,4,3,6,5,7,
v543,o15,d7,t1,n9,15,14,13,12,11,3,6,5,7,
v544,o15,d7,t1,n9,15,14,13,12,11,3,6,5,7,
v545,o15,d7,t1,n12,15,14,13,12,16,1,2,4,3,6,5,7,
v546,o15,d7,t1,n9,15,14,13,12,11,3,6,5,7,
v547,o15,d7,t1,n9,15,14,13,12,11,3,6,5,7,
v548,o15,d7,t1,n12,15,14,13,12,16,1,2,4,3,6,5,7,
v549,o15,d7,t1,n12,15,14,13,12,16,1,2,4,3,6,5,7,
v550,o15,d7,t1,n9,15,14,13,12,11,3,6,5,7,
v551,o15,d7,t1,n12,15,14,13,12,16,1,2,4,3,6,5,7,
v552,o15,d7,t1,n12,15,14,13,12,16,1,2,4,3,6,5,7,
v553,o15,d7,t1,n9,15,14,13,12,11,3,6,5,7,
v554,o15,d7,t1,n9,15,14,13,12,11,3,6,5,7,
v555,o15,d7,t1,n12,15,14,13,12,16,1,2,4,3,6,5,7,
v556,o15,d7,t1,n12,15,14,13,12,16,1,2,4,3,6,5,7,
v557,o15,d7,t1,n9,15,14,13,12,11,3,6,5,7,
v558,o15,d7,t1,n12,15,14,13,12,16,1,2,4,3,6,5,7,
v559,o15,d7,t1,n12,15,14,13,12,16,1,2,4,3,6,5,7,
v560,o15,d7,t1,n9,15,14,13,12,11,3,6,5,7,
v561,o15,d7,t1,n9,15,14,13,12,11,3,6,5,7,
v562,o15,d7,t1,n12,15,14,13,12,16,1,2,4,3,6,5,7,
v563,o15,d7,t1,n9,15,14,13,12,11,3,6,5,7,
v564,o15,d7,t1,n9,15,14,13,12,11,3,6,5,7,
v565,o15,d7,t1,n12,15,14,13,12,16,1,2,4,3,6,5,7,
v566,o15,d7,t1,n12,15,14,13,12,16,1,2,4,3,6,5,7,
v567,o15,d7,t1,n9,15,14,13,12,11,3,6,5,7,
v568,o15,d7,t1,n9,15,14,13,12,11,3,6,5,7,
v569,o15,d7,t1,n12,15,14,13,12,16,1,2,4,3,6,5,7,
v570,o15,d7,t1,n9,15,14,13,12,11,3,6,5,7,
v571,o15,d7,t1,n9,15,14,13,12,11,3,6,5,7,
v572,o15,d7,t1,n12,15,14,13,12,16,1,2,4,3,6,5,7,
v573,o15,d7,t1,n12,15,14,13,12,16,1,2,4,3,6,5,7,
v574,o15,d7,t1,n9,15,14,13,12,11,3,6,5,7,
v575,o15,d7,t1,n12,15,14,13,12,16,1,2,4,3,6,5,7,
v576,o15,d7,t1,n12,15,14,13,12,16,1,2,4,3,6,5,7,
v577,o15,d7,t1,n9,15,14,13,12,11,3,6,5,7,
v578,o15,d7,t1,n9,15,14,13,12,11,3,6,5,7,
v579,o15,d7,t1,n12,15,14,13,12,16,1,2,4,3,6,5,7,
v580,o15,d7,t1,n12,15,14,13,12,16,1,2,4,3,6,5,7,
v581,o15,d7,t1,n9,15,14,13,12,11,3,6,5,7,
v582,o15,d7,t1,n12,15,14,13,12,16,1,2,4,3,6,5,7,
v583,o15,d7,t1,n12,15,14,13,12,16,1,2,4,3,6,5,7,
v584,o15,d7,t1,n9,15,14,13,12,11,3,6,5,7,
v585,o15,d7,t1,n9,15,14,13,12,11,3,6,5,7,
v586,o15,d7,t1,n12,15,14,13,12,16,1,2,4,3,6,5,7,
v587,o15,d7,t1,n9,15,14,13,12,11,3,6,5,7,
v588,o15,d7,t1,n9,15,14,13,12,11,3,6,5,7,
v589,o15,d7,t1,n12,15,14,13,12,16,1,2,4,3,6,5,7,
v590,o15,d7,t1,n12,15,14,13,12,16,1,2,4,3,6,5,7,
v591,o15,d7,t1,n9,15,14,13,12,11,3,6,5,7,
v592,o15,d7,t1,n9,15,14,13,12,11,3,6,5,7,
v593,o15,d7,t1,n12,15,14,13,12,16,1,2,4,3,6,5,7,
v594,o15,d7,t1,n9,15,14,13,12,11,3,6,5,7,
v595,o15,d7,t1,n9,15,14,13,12,11,3,6,5,7,
v596,o15,d7,t1,n12,15,14,13,12,16,1,2,4,3,6,5,7,
v597,o15,d7,t1,n12,15,14,13,12,16,1,2,4,3,6,5,7,
v598,o15,d7,t1,n9,15,14,13,12,11,3,6,5,7,
v599,o15,d7,t1,n12,15,14,13,12,16,1,2,4,3,6,5,7,
v600,o15,d7,t1,n12,15,14,13,12,16,1,2,4,3,6,5,7,
v601,o15,d7,t1,n9,15,14,13,12,11,3,6,5,7,
v602,o15,d7,t1,n9,15,14,13,12,11,3,6,5,7,
v603,o15,d7,t1,n12,15,14,13,12,16,1,2,4,3,6,5,7,
v604,o15,d7,t1,n12,15,14,13,12,16,1,2,4,3,6,5,7,
v605,o15,d7,t1,n9,15,14,13,12,11,3,6,5,7,
v606,o15,d7,t1,n12,15,14,13,12,16,1,2,4,3,6,5,7,
v607,o15,d7,t1,n12,15,14,13,12,16,1,2,4,3,6,5,7,
v608,o15,d7,t1,n9,15,14,13,12,11,3,6,5,7,
v609,o15,d7,t1,n9,15,14,13,12,11,3,6,5,7,
v610,o15,d7,t1,n12,15,14,13,12,16,1,2,4,3,6,5,7,
v611,o15,d7,t1,n9,15,14,13,12,11,3,6,5,7,
v612,o15,d7,t1,n9,15,14,13,12,11,3,6,5,7,
v613,o15,d7,t1,n12,15,14,13,12,16,1,2,4,3,6,5,7,
v614,o15,d7,t1,n12,15,14,13,12,16,1,2,4,3,6,5,7,
v615,o15,d7,t1,n9,15,14,13,12,11,3,6,5,7,
v616,o15,d7,t1,n12,15,14,13,12,16,1,2,4,3,6,5,7,
v617,o15,d7,t1,n12,15,14,13,12,16,1,2,4,3,6,5,7,
v618,o15,d7,t1,n9,15,14,13,12,11,3,6,5,7,
v619,o15,d7,t1,n9,15,14,13,12,11,3,6,5,7,
v620,o15,d7,t1,n12,15,14,13,12,16,1,2,4,3,6,5,7,
v621,o15,d7,t1,n12,15,14,13,12,16,1,2,4,3,6,5,7,
v622,o15,d7,t1,n9,15,14,13,12,11,3,6,5,7,
v623,o15,d7,t1,n12,15,14,13,12,16,1,2,4,3,6,5,7,
v624,o15,d7,t1,n12,15,14,13,12,16,1,2,4,3,6,5,7,
v625,o15,d7,t1,n9,15,14,13,12,11,3,6,5,7,
v626,o15,d7,t1,n9,15,14,13,12,11,3,6,5,7,
v627,o15,d7,t1,n12,15,14,13,12,16,1,2,4,3,6,5,7,
v628,o15,d7,t1,n9,15,14,13,12,11,3,6,5,7,
v629,o15,d7,t1,n9,15,14,13,12,11,3,6,5,7,
v630,o15,d7,t1,n12,15,14,13,12,16,1,2,4,3,6,5,7,
v631,o15,d7,t1,n12,15,14,13,12,16,1,2,4,3,6,5,7,
v632,o15,d7,t1,n9,15,14,13,12,11,3,6,5,7,
v633,o15,d7,t1,n9,15,14,13,12,11,3,6,5,7,
v634,o15,d7,t1,n12,15,14,13,12,16,1,2,4,3,6,5,7,
v635,o15,d7,t1,n9,15,14,13,12,11,3,6,5,7,
v636,o15,d7,t1,n9,15,14,13,12,11,3,6,5,7,
v637,o15,d7,t1,n12,15,14,13,12,16,1,2,4,3,6,5,7,
v638,o15,d7,t1,n12,15,14,13,12,16,1,2,4,3,6,5,7,
v639,o15,d7,t1,n9,15,14,13,12,11,3,6,5,7,
v640,o15,d7,t1,n12,15,14,13,12,16,1,2,4,3,6,5,7,
v641,o15,d7,t1,n12,15,14,13,12,16,1,2,4,3,6,5,7,
v642,o15,d7,t1,n9,15,14,13,12,11,3,6,5,7,
v643,o15,d7,t1,n9,15,14,13,12,11,3,6,5,7,
v644,o15,d7,t1,n12,15,14,13,12,16,1,2,4,3,6,5,7,
v645,o15,d7,t1,n12,15,14,13,12,16,1,2,4,3,6,5,7,
v646,o15,d7,t1,n9,15,14,13,12,11,3,6,5,7,
v647,o15,d7,t1,n12,15,14,13,12,16,1,2,4,3,6,5,7,
v648,o15,d7,t1,n12,15,14,13,12,16,1,2,4,3,6,5,7,
v649,o15,d7,t1,n9,15,14,13,12,11,3,6,5,7,
v650,o15,d7,t1,n9,15,14,13,12,11,3,6,5,7,
v651,o15,d7,t1,n12,15,14,13,12,16,1,2,4,3,6,5,7,
v652,o15,d7,t1,n9,15,14,13,12,11,3,6,5,7,
v653,o15,d7,t1,n9,15,14,13,12,11,3,6,5,7,
v654,o15,d7,t1,n12,15,14,13,12,16,1,2,4,3,6,5,7,
v655,o15,d7,t1,n12,15,14,13,12,16,1,2,4,3,6,5,7,
v656,o15,d7,t1,n9,15,14,13,12,11,3,6,5,7,
v657,o15,d7,t1,n9,15,14,13,12,11,3,6,5,7,
v658,o15,d7,t1,n12,15,14,13,12,16,1,2,4,3,6,5,7,
v659,o15,d7,t1,n9,15,14,13,12,11,3,6,5,7,
v660,o15,d7,t1,n9,15,14,13,12,11,3,6,5,7,
v661,o15,d7,t1,n12,15,14,13,12,16,1,2,4,3,6,5,7,
v662,o15,d7,t1,n12,15,14,13,12,16,1,2,4,3,6,5,7,
v663,o15,d7,t1,n9,15,14,13,12,11,3,6,5,7,
v664,o15,d7,t1,n12,15,14,13,12,16,1,2,4,3,6,5,7,
v665,o15,d7,t1,n12,15,14,13,12,16,1,2,4,3,6,5,7,
v666,o15,d7,t1,n9,15,14,13,12,11,3,6,5,7,
v667,o15,d7,t1,n9,15,14,13,12,11,3,6,5,7,
v668,o15,d7,t1,n12,15,14,13,12,16,1,2,4,3,6,5,7,
v669,o15,d7,t1,n12,15,14,13,12,16,1,2,4,3,6,5,7,
v670,o15,d7,t1,n9,15,14,13,12,11,3,6,5,7,
v671,o15,d7,t1,n12,15,14,13,12,16,1,2,4,3,6,5,7,
v672,o15,d7,t1,n12,15,14,13,12,16,1,2,4,3,6,5,7,
v673,o15,d7,t1,n9,15,14,13,12,11,3,6,5,7,
v674,o15,d7,t1,n9,15,14,13,12,11,3,6,5,7,
v675,o15,d7,t1,n12,15,14,13,12,16,1,2,4,3,6,5,7,
v676,o15,d7,t1,n9,15,14,13,12,11,3,6,5,7,
v677,o15,d7,t1,n9,15,14,13,12,11,3,6,5,7,
v678,o15,d7,t1,n12,15,14,13,12,16,1,2,4,3,6,5,7,
v679,o15,d7,t1,n12,15,14,13,12,16,1,2,4,3,6,5,7,
v680,o15,d7,t1,n9,15,14,13,12,11,3,6,5,7,
v681,o15,d7,t1,n9,15,14,13,12,11,3,6,5,7,
v682,o15,d7,t1,n12,15,14,13,12,16,1,2,4,3,6,5,7,
v683,o15,d7,t1,n9,15,14,13,12,11,3,6,5,7,
v684,o15,d7,t1,n9,15,14,13,12,11,3,6,5,7,
v685,o15,d7,t1,n12,15,14,13,12,16,1,2,4,3,6,5,7,
v686,o15,d7,t1,n12,15,14,13,12,16,1,2,4,3,6,5,7,
v687,o15,d7,t1,n9,15,14,13,12,11,3,6,5,7,
v688,o15,d7,t1,n12,15,14,13,12,16,1,2,4,3,6,5,7,
v689,o15,d7,t1,n12,15,14,13,12,16,1,2,4,3,6,5,7,
v690,o15,d7,t1,n9,15,14,13,12,11,3,6,5,7,
v691,o15,d7,t1,n9,15,14,13,12,11,3,6,5,7,
v692,o15,d7,t1,n12,15,14,13,12,16,1,2,4,3,6,5,7,
v693,o15,d7,t1,n9,15,14,13,12,11,3,6,5,7,
v694,o15,d7,t1,n9,15,14,13,12,11,3,6,5,7,
v695,o15,d7,t1,n12,15,14,13,12,16,1,2,4,3,6,5,7,
v696,o15,d7,t1,n12,15,14,13,12,16,1,2,4,3,6,5,7,
v697,o15,d7,t1,n9,15,14,13,12,11,3,6,5,7,
v698,o15,d7,t1,n9,15,14,13,12,11,3,6,5,7,
v699,o15,d7,t1,n12,15,14,13,12,16,1,2,4,3,6,5,7,
v700,o15,d7,t1,n9,15,14,13,12,11,3,6,5,7,
v701,o15,d7,t1,n9,15,14,13,12,11,3,6,5,7,
v702,o15,d7,t1,n12,15,14,13,12,16,1,2,4,3,6,5,7,
v703,o15,d7,t1,n12,15,14,13,12,16,1,2,4,3,6,5,7,
v704,o15,d7,t1,n9,15,14,13,12,11,3,6,5,7,
v705,o15,d7,t1,n12,15,14,13,12,16,1,2,4,3,6,5,7,
v706,o15,d7,t1,n12,15,14,13,12,16,1,2,4,3,6,5,7,
v707,o15,d7,t1,n9,15,14,13,12,11,3,6,5,7,
v708,o15,d7,t1,n9,15,14,13,12,11,3,6,5,7,
v709,o15,d7,t1,n12,15,14,13,12,16,1,2,4,3,6,5,7,
v710,o15,d7,t1,n12,15,14,13,12,16,1,2,4,3,6,5,7,
v711,o15,d7,t1,n9,15,14,13,12,11,3,6,5,7,
v712,o15,d7,t1,n12,15,14,13,12,16,1,2,4,3,6,5,7,
v713,o15,d7,t1,n12,15,14,13,12,16,1,2,4,3,6,5,7,
v714,o15,d7,t1,n9,15,14,13,12,11,3,6,5,7,
v715,o15,d7,t1,n9,15,14,13,12,11,3,6,5,7,
v716,o15,d7,t1,n12,15,14,13,12,16,1,2,4,3,6,5,7,
v717,o15,d7,t1,n9,15,14,13,12,11,3,6,5,7,
v718,o15,d7,t1,n9,15,14,13,12,11,3,6,5,7,
v719,o15,d7,t1,n12,15,14,13,12,16,1,2,4,3,6,5,7,
v720,o15,d7,t1,n12,15,14,13,12,16,1,2,4,3,6,5,7,
v721,o15,d7,t1,n9,15,14,13,12,11,3,6,5,7,
v722,o15,d7,t1,n9,15,14,13,12,11,3,6,5,7,
v723,o15,d7,t1,n12,15,14,13,12,16,1,2,4,3,6,5,7,
v724,o15,d7,t1,n9,15,14,13,12,11,3,6,5,7,
v725,o15,d7,t1,n9,15,14,13,12,11,3,6,5,7,
v726,o15,d7,t1,n12,15,14,13,12,16,1,2,4,3,6,5,7,
v727,o15,d7,t1,n12,15,14,13,12,16,1,2,4,3,6,5,7,
v728,o15,d7,t1,n9,15,14,13,12,11,3,6,5,7,
v729,o15,d7,t1,n12,15,14,13,12,16,1,2,4,3,6,5,7,
v730,o15,d7,t1,n12,15,14,13,12,16,1,2,4,3,6,5,7,
v731,o15,d7,t1,n9,15,14,13,12,11,3,6,5,7,
v732,o15,d7,t1,n9,15,14,13,12,11,3,6,5,7,
v733,o15,d7,t1,n12,15,14,13,12,16,1,2,4,3,6,5,7,
v734,o15,d7,t1,n12,15,14,13,12,16,1,2,4,3,6,5,7,
v735,o15,d7,t1,n9,15,14,13,12,11,3,6,5,7,
v736,o15,d7,t1,n12,15,14,13,12,16,1,2,4,3,6,5,7,
v737,o15,d7,t1,n12,15,14,13,12,16,1,2,4,3,6,5,7,
v738,o15,d7,t1,n9,15,14,13,12,11,3,6,5,7,
v739,o15,d7,t1,n9,15,14,13,12,11,3,6,5,7,
v740,o15,d7,t1,n12,15,14,13,12,16,1,2,4,3,6,5,7,
v741,o15,d7,t1,n9,15,14,13,12,11,3,6,5,7,
v742,o15,d7,t1,n9,15,14,13,12,11,3,6,5,7,
v743,o15,d7,t1,n12,15,14,13,12,16,1,2,4,3,6,5,7,
v744,o15,d7,t1,n12,15,14,13,12,16,1,2,4,3,6,5,7,
v745,o15,d7,t1,n9,15,14,13,12,11,3,6,5,7,
v746,o15,d7,t1,n9,15,14,13,12,11,3,6,5,7,
v747,o15,d7,t1,n12,15,14,13,12,16,1,2,4,3,6,5,7,
v748,o15,d7,t1,n9,15,14,13,12,11,3,6,5,7,
v749,o15,d7,t1,n9,15,14,13,12,11,3,6,5,7,
v750,o15,d7,t1,n9,15,14,13,12,11,3,6,5,7,
v751,o15,d7,t1,n9,15,14,13,12,11,3,6,5,7,
v752,o15,d7,t1,n9,15,14,13,12,11,3,6,5,7,
v753,o15,d7,t1,n9,15,14,13,12,11,3,6,5,7,
v754,o15,d7,t1,n9,15,14,13,12,11,3,6,5,7,
v755,o15,d7,t1,n9,15,14,13,12,11,3,6,5,7,
v756,o15,d7,t1,n9,15,14,13,12,11,3,6,5,7,
v757,o15,d7,t1,n9,15,14,13,12,11,3,6,5,7,
v758,o15,d7,t1,n9,15,14,13,12,11,3,6,5,7,
v759,o15,d7,t1,n9,15,14,13,12,11,3,6,5,7,
v760,o15,d7,t1,n9,15,14,13,12,11,3,6,5,7,
v761,o15,d7,t1,n9,15,14,13,12,11,3,6,5,7,
v762,o15,d7,t1,n9,15,14,13,12,11,3,6,5,7,
v763,o15,d7,t1,n9,15,14,13,12,11,3,6,5,7,
v764,o15,d7,t1,n9,15,14,13,12,11,3,6,5,7,
v765,o15,d7,t1,n9,15,14,13,12,11,3,6,5,7,
v766,o15,d7,t1,n9,15,14,13,12,11,3,6,5,7,
v767,o15,d7,t1,n12,15,14,13,12,16,1,2,4,3,6,5,7,
v768,o15,d7,t1,n12,15,14,13,12,16,1,2,4,3,6,5,7,
v769,o15,d7,t1,n9,15,14,13,12,11,3,6,5,7,
v770,o15,d7,t1,n12,15,14,13,12,16,1,2,4,3,6,5,7,
v771,o15,d7,t1,n12,15,14,13,12,16,1,2,4,3,6,5,7,
v772,o15,d7,t1,n9,15,14,13,12,11,3,6,5,7,
v773,o15,d7,t1,n9,15,14,13,12,11,3,6,5,7,
v774,o15,d7,t1,n12,15,14,13,12,16,1,2,4,3,6,5,7,
v775,o15,d7,t1,n12,15,14,13,12,16,1,2,4,3,6,5,7,
v776,o15,d7,t1,n9,15,14,13,12,11,3,6,5,7,
v777,o15,d7,t1,n12,15,14,13,12,16,1,2,4,3,6,5,7,
v778,o15,d7,t1,n12,15,14,13,12,16,1,2,4,3,6,5,7,
v779,o15,d7,t1,n9,15,14,13,12,11,3,6,5,7,
v780,o15,d7,t1,n9,15,14,13,12,11,3,6,5,7,
v781,o15,d7,t1,n12,15,14,13,12,16,1,2,4,3,6,5,7,
v782,o15,d7,t1,n9,15,14,13,12,11,3,6,5,7,
v783,o15,d7,t1,n9,15,14,13,12,11,3,6,5,7,
v784,o15,d7,t1,n12,15,14,13,12,16,1,2,4,3,6,5,7,
v785,o15,d7,t1,n12,15,14,13,12,16,1,2,4,3,6,5,7,
v786,o15,d7,t1,n9,15,14,13,12,11,3,6,5,7,
v787,o15,d7,t1,n9,15,14,13,12,11,3,6,5,7,
v788,o15,d7,t1,n12,15,14,13,12,16,1,2,4,3,6,5,7,
v789,o15,d7,t1,n9,15,14,13,12,11,3,6,5,7,
v790,o15,d7,t1,n9,15,14,13,12,11,3,6,5,7,
v791,o15,d7,t1,n12,15,14,13,12,16,1,2,4,3,6,5,7,
v792,o15,d7,t1,n12,15,14,13,12,16,1,2,4,3,6,5,7,
v793,o15,d7,t1,n9,15,14,13,12,11,3,6,5,7,
v794,o15,d7,t1,n12,15,14,13,12,16,1,2,4,3,6,5,7,
v795,o15,d7,t1,n12,15,14,13,12,16,1,2,4,3,6,5,7,
v796,o15,d7,t1,n9,15,14,13,12,11,3,6,5,7,
v797,o15,d7,t1,n9,15,14,13,12,11,3,6,5,7,
v798,o15,d7,t1,n12,15,14,13,12,16,1,2,4,3,6,5,7,
v799,o15,d7,t1,n12,15,14,13,12,16,1,2,4,3,6,5,7,
v800,o15,d7,t1,n9,15,14,13,12,11,3,6,5,7,
v801,o15,d7,t1,n12,15,14,13,12,16,1,2,4,3,6,5,7,
v802,o15,d7,t1,n12,15,14,13,12,16,1,2,4,3,6,5,7,
v803,o15,d7,t1,n9,15,14,13,12,11,3,6,5,7,
v804,o15,d7,t1,n9,15,14,13,12,11,3,6,5,7,
v805,o15,d7,t1,n12,15,14,13,12,16,1,2,4,3,6,5,7,
v806,o15,d7,t1,n9,15,14,13,12,11,3,6,5,7,
v807,o15,d7,t1,n9,15,14,13,12,11,3,6,5,7,
v808,o15,d7,t1,n12,15,14,13,12,16,1,2,4,3,6,5,7,
v809,o15,d7,t1,n12,15,14,13,12,16,1,2,4,3,6,5,7,
v810,o15,d7,t1,n9,15,14,13,12,11,3,6,5,7,
v811,o15,d7,t1,n9,15,14,13,12,11,3,6,5,7,
v812,o15,d7,t1,n12,15,14,13,12,16,1,2,4,3,6,5,7,
v813,o15,d7,t1,n9,15,14,13,12,11,3,6,5,7,
v814,o15,d7,t1,n9,15,14,13,12,11,3,6,5,7,
v815,o15,d7,t1,n12,15,14,13,12,16,1,2,4,3,6,5,7,
v816,o15,d7,t1,n12,15,14,13,12,16,1,2,4,3,6,5,7,
v817,o15,d7,t1,n9,15,14,13,12,11,3,6,5,7,
v818,o15,d7,t1,n12,15,14,13,12,16,1,2,4,3,6,5,7,
v819,o15,d7,t1,n12,15,14,13,12,16,1,2,4,3,6,5,7,
v820,o15,d7,t1,n9,15,14,13,12,11,3,6,5,7,
v821,o15,d7,t1,n9,15,14,13,12,11,3,6,5,7,
v822,o15,d7,t1,n12,15,14,13,12,16,1,2,4,3,6,5,7,
v823,o15,d7,t1,n12,15,14,13,12,16,1,2,4,3,6,5,7,
v824,o15,d7,t1,n9,15,14,13,12,11,3,6,5,7,
v825,o15,d7,t1,n12,15,14,13,12,16,1,2,4,3,6,5,7,
v826,o15,d7,t1,n12,15,14,13,12,16,1,2,4,3,6,5,7,
v827,o15,d7,t1,n9,15,14,13,12,11,3,6,5,7,
v828,o15,d7,t1,n9,15,14,13,12,11,3,6,5,7,
v829,o15,d7,t1,n12,15,14,13,12,16,1,2,4,3,6,5,7,
v830,o15,d7,t1,n9,15,14,13,12,11,3,6,5,7,
v831,o15,d7,t1,n9,15,14,13,12,11,3,6,5,7,
v832,o15,d7,t1,n12,15,14,13,12,16,1,2,4,3,6,5,7,
v833,o15,d7,t1,n12,15,14,13,12,16,1,2,4,3,6,5,7,
v834,o15,d7,t1,n9,15,14,13,12,11,3,6,5,7,
v835,o15,d7,t1,n9,15,14,13,12,11,3,6,5,7,
v836,o15,d7,t1,n12,15,14,13,12,16,1,2,4,3,6,5,7,
v837,o15,d7,t1,n9,15,14,13,12,11,3,6,5,7,
v838,o15,d7,t1,n9,15,14,13,12,11,3,6,5,7,
v839,o15,d7,t1,n12,15,14,13,12,16,1,2,4,3,6,5,7,
v840,o15,d7,t1,n12,15,14,13,12,16,1,2,4,3,6,5,7,
v841,o15,d7,t1,n9,15,14,13,12,11,3,6,5,7,
v842,o15,d7,t1,n12,15,14,13,12,16,1,2,4,3,6,5,7,
v843,o15,d7,t1,n12,15,14,13,12,16,1,2,4,3,6,5,7,
v844,o15,d7,t1,n9,15,14,13,12,11,3,6,5,7,
v845,o15,d7,t1,n9,15,14,13,12,11,3,6,5,7,
v846,o15,d7,t1,n12,15,14,13,12,16,1,2,4,3,6,5,7,
v847,o15,d7,t1,n9,15,14,13,12,11,3,6,5,7,
v848,o15,d7,t1,n9,15,14,13,12,11,3,6,5,7,
v849,o15,d7,t1,n12,15,14,13,12,16,1,2,4,3,6,5,7,
v850,o15,d7,t1,n12,15,14,13,12,16,1,2,4,3,6,5,7,
v851,o15,d7,t1,n9,15,14,13,12,11,3,6,5,7,
v852,o15,d7,t1,n9,15,14,13,12,11,3,6,5,7,
v853,o15,d7,t1,n12,15,14,13,12,16,1,2,4,3,6,5,7,
v854,o15,d7,t1,n9,15,14,13,12,11,3,6,5,7,
v855,o15,d7,t1,n9,15,14,13,12,11,3,6,5,7,
v856,o15,d7,t1,n12,15,14,13,12,16,1,2,4,3,6,5,7,
v857,o15,d7,t1,n12,15,14,13,12,16,1,2,4,3,6,5,7,
v858,o15,d7,t1,n9,15,14,13,12,11,3,6,5,7,
v859,o15,d7,t1,n12,15,14,13,12,16,1,2,4,3,6,5,7,
v860,o15,d7,t1,n12,15,14,13,12,16,1,2,4,3,6,5,7,
v861,o15,d7,t1,n9,15,14,13,12,11,3,6,5,7,
v862,o15,d7,t1,n9,15,14,13,12,11,3,6,5,7,
v863,o15,d7,t1,n12,15,14,13,12,16,1,2,4,3,6,5,7,
v864,o15,d7,t1,n12,15,14,13,12,16,1,2,4,3,6,5,7,
v865,o15,d7,t1,n9,15,14,13,12,11,3,6,5,7,
v866,o15,d7,t1,n12,15,14,13,12,16,1,2,4,3,6,5,7,
v867,o15,d7,t1,n12,15,14,13,12,16,1,2,4,3,6,5,7,
v868,o15,d7,t1,n9,15,14,13,12,11,3,6,5,7,
v869,o15,d7,t1,n9,15,14,13,12,11,3,6,5,7,
v870,o15,d7,t1,n12,15,14,13,12,16,1,2,4,3,6,5,7,
v871,o15,d7,t1,n9,15,14,13,12,11,3,6,5,7,
v872,o15,d7,t1,n9,15,14,13,12,11,3,6,5,7,
v873,o15,d7,t1,n12,15,14,13,12,16,1,2,4,3,6,5,7,
v874,o15,d7,t1,n12,15,14,13,12,16,1,2,4,3,6,5,7,
v875,o15,d7,t1,n9,15,14,13,12,11,3,6,5,7,
v876,o15,d7,t1,n9,15,14,13,12,11,3,6,5,7,
v877,o15,d7,t1,n12,15,14,13,12,16,1,2,4,3,6,5,7,
v878,o15,d7,t1,n9,15,14,13,12,11,3,6,5,7,
v879,o15,d7,t1,n9,15,14,13,12,11,3,6,5,7,
v880,o15,d7,t1,n12,15,14,13,12,16,1,2,4,3,6,5,7,
v881,o15,d7,t1,n12,15,14,13,12,16,1,2,4,3,6,5,7,
v882,o15,d7,t1,n9,15,14,13,12,11,3,6,5,7,
v883,o15,d7,t1,n12,15,14,13,12,16,1,2,4,3,6,5,7,
v884,o15,d7,t1,n12,15,14,13,12,16,1,2,4,3,6,5,7,
v885,o15,d7,t1,n9,15,14,13,12,11,3,6,5,7,
v886,o15,d7,t1,n9,15,14,13,12,11,3,6,5,7,
v887,o15,d7,t1,n12,15,14,13,12,16,1,2,4,3,6,5,7,
v888,o15,d7,t1,n12,15,14,13,12,16,1,2,4,3,6,5,7,
v889,o15,d7,t1,n9,15,14,13,12,11,3,6,5,7,
v890,o15,d7,t1,n12,15,14,13,12,16,1,2,4,3,6,5,7,
v891,o15,d7,t1,n12,15,14,13,12,16,1,2,4,3,6,5,7,
v892,o15,d7,t1,n9,15,14,13,12,11,3,6,5,7,
v893,o15,d7,t1,n9,15,14,13,12,11,3,6,5,7,
v894,o15,d7,t1,n12,15,14,13,12,16,1,2,4,3,6,5,7,
v895,o15,d7,t1,n9,15,14,13,12,11,3,6,5,7,
v896,o15,d7,t1,n9,15,14,13,12,11,3,6,5,7,
v897,o15,d7,t1,n12,15,14,13,12,16,1,2,4,3,6,5,7,
v898,o15,d7,t1,n12,15,14,13,12,16,1,2,4,3,6,5,7,
v899,o15,d7,t1,n9,15,14,13,12,11,3,6,5,7,
v900,o15,d7,t1,n9,15,14,13,12,11,3,6,5,7,
v901,o15,d7,t1,n12,15,14,13,12,16,1,2,4,3,6,5,7,
v902,o15,d7,t1,n9,15,14,13,12,11,3,6,5,7,
v903,o15,d7,t1,n9,15,14,13,12,11,3,6,5,7,
v904,o15,d7,t1,n12,15,14,13,12,16,1,2,4,3,6,5,7,
v905,o15,d7,t1,n12,15,14,13,12,16,1,2,4,3,6,5,7,
v906,o15,d7,t1,n9,15,14,13,12,11,3,6,5,7,
v907,o15,d7,t1,n12,15,14,13,12,16,1,2,4,3,6,5,7,
v908,o15,d7,t1,n12,15,14,13,12,16,1,2,4,3,6,5,7,
v909,o15,d7,t1,n9,15,14,13,12,11,3,6,5,7,
v910,o15,d7,t1,n9,15,14,13,12,11,3,6,5,7,
v911,o15,d7,t1,n12,15,14,13,12,16,1,2,4,3,6,5,7,
v912,o15,d7,t1,n12,15,14,13,12,16,1,2,4,3,6,5,7,
v913,o15,d7,t1,n9,15,14,13,12,11,3,6,5,7,
v914,o15,d7,t1,n12,15,14,13,12,16,1,2,4,3,6,5,7,
v915,o15,d7,t1,n12,15,14,13,12,16,1,2,4,3,6,5,7,
v916,o15,d7,t1,n9,15,14,13,12,11,3,6,5,7,
v917,o15,d7,t1,n9,15,14,13,12,11,3,6,5,7,
v918,o15,d7,t1,n12,15,14,13,12,16,1,2,4,3,6,5,7,
v919,o15,d7,t1,n9,15,14,13,12,11,3,6,5,7,
v920,o15,d7,t1,n9,15,14,13,12,11,3,6,5,7,
v921,o15,d7,t1,n12,15,14,13,12,16,1,2,4,3,6,5,7,
v922,o15,d7,t1,n12,15,14,13,12,16,1,2,4,3,6,5,7,
v923,o15,d7,t1,n9,15,14,13,12,11,3,6,5,7,
v924,o15,d7,t1,n12,15,14,13,12,16,1,2,4,3,6,5,7,
v925,o15,d7,t1,n12,15,14,13,12,16,1,2,4,3,6,5,7,
v926,o15,d7,t1,n9,15,14,13,12,11,3,6,5,7,
v927,o15,d7,t1,n9,15,14,13,12,11,3,6,5,7,
v928,o15,d7,t1,n12,15,14,13,12,16,1,2,4,3,6,5,7,
v929,o15,d7,t1,n12,15,14,13,12,16,1,2,4,3,6,5,7,
v930,o15,d7,t1,n9,15,14,13,12,11,3,6,5,7,
v931,o15,d7,t1,n12,15,14,13,12,16,1,2,4,3,6,5,7,
v932,o15,d7,t1,n12,15,14,13,12,16,1,2,4,3,6,5,7,
v933,o15,d7,t1,n9,15,14,13,12,11,3,6,5,7,
v934,o15,d7,t1,n9,15,14,13,12,11,3,6,5,7,
v935,o15,d7,t1,n12,15,14,13,12,16,1,2,4,3,6,5,7,
v936,o15,d7,t1,n9,15,14,13,12,11,3,6,5,7,
v937,o15,d7,t1,n9,15,14,13,12,11,3,6,5,7,
v938,o15,d7,t1,n12,15,14,13,12,16,1,2,4,3,6,5,7,
v939,o15,d7,t1,n12,15,14,13,12,16,1,2,4,3,6,5,7,
v940,o15,d7,t1,n9,15,14,13,12,11,3,6,5,7,
v941,o15,d7,t1,n9,15,14,13,12,11,3,6,5,7,
v942,o15,d7,t1,n12,15,14,13,12,16,1,2,4,3,6,5,7,
v943,o15,d7,t1,n9,15,14,13,12,11,3,6,5,7,
v944,o15,d7,t1,n9,15,14,13,12,11,3,6,5,7,
v945,o15,d7,t1,n12,15,14,13,12,16,1,2,4,3,6,5,7,
v946,o15,d7,t1,n12,15,14,13,12,16,1,2,4,3,6,5,7,
v947,o15,d7,t1,n9,15,14,13,12,11,3,6,5,7,
v948,o15,d7,t1,n12,15,14,13,12,16,1,2,4,3,6,5,7,
v949,o15,d7,t1,n12,15,14,13,12,16,1,2,4,3,6,5,7,
v950,o15,d7,t1,n9,15,14,13,12,11,3,6,5,7,
v951,o15,d7,t1,n9,15,14,13,12,11,3,6,5,7,
v952,o15,d7,t1,n12,15,14,13,12,16,1,2,4,3,6,5,7,
v953,o15,d7,t1,n12,15,14,13,12,16,1,2,4,3,6,5,7,
v954,o15,d7,t1,n9,15,14,13,12,11,3,6,5,7,
v955,o15,d7,t1,n12,15,14,13,12,16,1,2,4,3,6,5,7,
v956,o15,d7,t1,n12,15,14,13,12,16,1,2,4,3,6,5,7,
v957,o15,d7,t1,n9,15,14,13,12,11,3,6,5,7,
v958,o15,d7,t1,n9,15,14,13,12,11,3,6,5,7,
v959,o15,d7,t1,n12,15,14,13,12,16,1,2,4,3,6,5,7,
v960,o15,d7,t1,n9,15,14,13,12,11,3,6,5,7,
v961,o15,d7,t1,n9,15,14,13,12,11,3,6,5,7,
v962,o15,d7,t1,n12,15,14,13,12,16,1,2,4,3,6,5,7,
v963,o15,d7,t1,n12,15,14,13,12,16,1,2,4,3,6,5,7,
v964,o15,d7,t1,n9,15,14,13,12,11,3,6,5,7,
v965,o15,d7,t1,n9,15,14,13,12,11,3,6,5,7,
v966,o15,d7,t1,n12,15,14,13,12,16,1,2,4,3,6,5,7,
v967,o15,d7,t1,n9,15,14,13,12,11,3,6,5,7,
v968,o15,d7,t1,n9,15,14,13,12,11,3,6,5,7,
v969,o15,d7,t1,n12,15,14,13,12,16,1,2,4,3,6,5,7,
v970,o15,d7,t1,n12,15,14,13,12,16,1,2,4,3,6,5,7,
v971,o15,d7,t1,n9,15,14,13,12,11,3,6,5,7,
v972,o15,d7,t1,n12,15,14,13,12,16,1,2,4,3,6,5,7,
v973,o15,d7,t1,n12,15,14,13,12,16,1,2,4,3,6,5,7,
v974,o15,d7,t1,n9,15,14,13,12,11,3,6,5,7,
v975,o15,d7,t1,n9,15,14,13,12,11,3,6,5,7,
v976,o15,d7,t1,n12,15,14,13,12,16,1,2,4,3,6,5,7,
v977,o15,d7,t1,n12,15,14,13,12,16,1,2,4,3,6,5,7,
v978,o15,d7,t1,n9,15,14,13,12,11,3,6,5,7,
v979,o15,d7,t1,n12,15,14,13,12,16,1,2,4,3,6,5,7,
v980,o15,d7,t1,n12,15,14,13,12,16,1,2,4,3,6,5,7,
v981,o15,d7,t1,n9,15,14,13,12,11,3,6,5,7,
v982,o15,d7,t1,n9,15,14,13,12,11,3,6,5,7,
v983,o15,d7,t1,n12,15,14,13,12,16,1,2,4,3,6,5,7,
v984,o15,d7,t1,n9,15,14,13,12,11,3,6,5,7,
v985,o15,d7,t1,n9,15,14,13,12,11,3,6,5,7,
v986,o15,d7,t1,n12,15,14,13,12,16,1,2,4,3,6,5,7,
v987,o15,d7,t1,n12,15,14,13,12,16,1,2,4,3,6,5,7,
v988,o15,d7,t1,n9,15,14,13,12,11,3,6,5,7,
v989,o15,d7,t1,n9,15,14,13,12,11,3,6,5,7,
v990,o15,d7,t1,n12,15,14,13,12,16,1,2,4,3,6,5,7,
v991,o15,d7,t1,n9,15,14,13,12,11,3,6,5,7,
v992,o15,d7,t1,n9,15,14,13,12,11,3,6,5,7,
v993,o15,d7,t1,n12,15,14,13,12,16,1,2,4,3,6,5,7,
v994,o15,d7,t1,n12,15,14,13,12,16,1,2,4,3,6,5,7,
v995,o15,d7,t1,n9,15,14,13,12,11,3,6,5,7,
v996,o15,d7,t1,n12,15,14,13,12,16,1,2,4,3,6,5,7,
v997,o15,d7,t1,n12,15,14,13,12,16,1,2,4,3,6,5,7,
v998,o15,d7,t1,n9,15,14,13,12,11,3,6,5,7,
v999,o15,d7,t1,n9,15,14,13,12,11,3,6,5,7,
v1000,o15,d7,t1,n9,15,14,13,12,11,3,6,5,7,
v1001,o15,d7,t1,n9,15,14,13,12,11,3,6,5,7,
v1002,o15,d7,t1,n9,15,14,13,12,11,3,6,5,7,
v1003,o15,d7,t1,n9,15,14,13,12,11,3,6,5,7,
v1004,o15,d7,t1,n9,15,14,13,12,11,3,6,5,7,
v1005,o15,d7,t1,n9,15,14,13,12,11,3,6,5,7,
v1006,o15,d7,t1,n9,15,14,13,12,11,3,6,5,7,
v1007,o15,d7,t1,n9,15,14,13,12,11,3,6,5,7,
v1008,o15,d7,t1,n9,15,14,13,12,11,3,6,5,7,
v1009,o15,d7,t1,n9,15,14,13,12,11,3,6,5,7,
v1010,o15,d7,t1,n9,15,14,13,12,11,3,6,5,7,
v1011,o15,d7,t1,n9,15,14,13,12,11,3,6,5,7,
v1012,o15,d7,t1,n9,15,14,13,12,11,3,6,5,7,
v1013,o15,d7,t1,n9,15,14,13,12,11,3,6,5,7,
v1014,o15,d7,t1,n9,15,14,13,12,11,3,6,5,7,
v1015,o15,d7,t1,n9,15,14,13,12,11,3,6,5,7,
v1016,o15,d7,t1,n9,15,14,13,12,11,3,6,5,7,
v1017,o15,d7,t1,n12,15,14,13,12,16,1,2,4,3,6,5,7,
v1018,o15,d7,t1,n12,15,14,13,12,16,1,2,4,3,6,5,7,
v1019,o15,d7,t1,n9,15,14,13,12,11,3,6,5,7,
v1020,o15,d7,t1,n12,15,14,13,12,16,1,2,4,3,6,5,7,
v1021,o15,d7,t1,n12,15,14,13,12,16,1,2,4,3,6,5,7,
v1022,o15,d7,t1,n9,15,14,13,12,11,3,6,5,7,
v1023,o15,d7,t1,n9,15,14,13,12,11,3,6,5,7,
v1024,o15,d7,t1,n12,15,14,13,12,16,1,2,4,3,6,5,7,
v1025,o15,d7,t1,n9,15,14,13,12,11,3,6,5,7,
v1026,o15,d7,t1,n9,15,14,13,12,11,3,6,5,7,
v1027,o15,d7,t1,n12,15,14,13,12,16,1,2,4,3,6,5,7,
v1028,o15,d7,t1,n12,15,14,13,12,16,1,2,4,3,6,5,7,
v1029,o15,d7,t1,n9,15,14,13,12,11,3,6,5,7,
v1030,o15,d7,t1,n9,15,14,13,12,11,3,6,5,7,
v1031,o15,d7,t1,n12,15,14,13,12,16,1,2,4,3,6,5,7,
v1032,o15,d7,t1,n9,15,14,13,12,11,3,6,5,7,
v1033,o15,d7,t1,n9,15,14,13,12,11,3,6,5,7,
v1034,o15,d7,t1,n12,15,14,13,12,16,1,2,4,3,6,5,7,
v1035,o15,d7,t1,n12,15,14,13,12,16,1,2,4,3,6,5,7,
v1036,o15,d7,t1,n9,15,14,13,12,11,3,6,5,7,
v1037,o15,d7,t1,n12,15,14,13,12,16,1,2,4,3,6,5,7,
v1038,o15,d7,t1,n12,15,14,13,12,16,1,2,4,3,6,5,7,
v1039,o15,d7,t1,n9,15,14,13,12,11,3,6,5,7,
v1040,o15,d7,t1,n9,15,14,13,12,11,3,6,5,7,
v1041,o15,d7,t1,n12,15,14,13,12,16,1,2,4,3,6,5,7,
v1042,o15,d7,t1,n12,15,14,13,12,16,1,2,4,3,6,5,7,
v1043,o15,d7,t1,n9,15,14,13,12,11,3,6,5,7,
v1044,o15,d7,t1,n12,15,14,13,12,16,1,2,4,3,6,5,7,
v1045,o15,d7,t1,n12,15,14,13,12,16,1,2,4,3,6,5,7,
v1046,o15,d7,t1,n9,15,14,13,12,11,3,6,5,7,
v1047,o15,d7,t1,n9,15,14,13,12,11,3,6,5,7,
v1048,o15,d7,t1,n12,15,14,13,12,16,1,2,4,3,6,5,7,
v1049,o15,d7,t1,n9,15,14,13,12,11,3,6,5,7,
v1050,o15,d7,t1,n9,15,14,13,12,11,3,6,5,7,
v1051,o15,d7,t1,n12,15,14,13,12,16,1,2,4,3,6,5,7,
v1052,o15,d7,t1,n12,15,14,13,12,16,1,2,4,3,6,5,7,
v1053,o15,d7,t1,n9,15,14,13,12,11,3,6,5,7,
v1054,o15,d7,t1,n9,15,14,13,12,11,3,6,5,7,
v1055,o15,d7,t1,n12,15,14,13,12,16,1,2,4,3,6,5,7,
v1056,o15,d7,t1,n9,15,14,13,12,11,3,6,5,7,
v1057,o15,d7,t1,n9,15,14,13,12,11,3,6,5,7,
v1058,o15,d7,t1,n12,15,14,13,12,16,1,2,4,3,6,5,7,
v1059,o15,d7,t1,n12,15,14,13,12,16,1,2,4,3,6,5,7,
v1060,o15,d7,t1,n9,15,14,13,12,11,3,6,5,7,
v1061,o15,d7,t1,n12,15,14,13,12,16,1,2,4,3,6,5,7,
v1062,o15,d7,t1,n12,15,14,13,12,16,1,2,4,3,6,5,7,
v1063,o15,d7,t1,n9,15,14,13,12,11,3,6,5,7,
v1064,o15,d7,t1,n9,15,14,13,12,11,3,6,5,7,
v1065,o15,d7,t1,n12,15,14,13,12,16,1,2,4,3,6,5,7,
v1066,o15,d7,t1,n12,15,14,13,12,16,1,2,4,3,6,5,7,
v1067,o15,d7,t1,n9,15,14,13,12,11,3,6,5,7,
v1068,o15,d7,t1,n12,15,14,13,12,16,1,2,4,3,6,5,7,
v1069,o15,d7,t1,n12,15,14,13,12,16,1,2,4,3,6,5,7,
v1070,o15,d7,t1,n9,15,14,13,12,11,3,6,5,7,
v1071,o15,d7,t1,n9,15,14,13,12,11,3,6,5,7,
v1072,o15,d7,t1,n12,15,14,13,12,16,1,2,4,3,6,5,7,
v1073,o15,d7,t1,n9,15,14,13,12,11,3,6,5,7,
v1074,o15,d7,t1,n9,15,14,13,12,11,3,6,5,7,
v1075,o15,d7,t1,n12,15,14,13,12,16,1,2,4,3,6,5,7,
v1076,o15,d7,t1,n12,15,14,13,12,16,1,2,4,3,6,5,7,
v1077,o15,d7,t1,n9,15,14,13,12,11,3,6,5,7,
v1078,o15,d7,t1,n12,15,14,13,12,16,1,2,4,3,6,5,7,
v1079,o15,d7,t1,n12,15,14,13,12,16,1,2,4,3,6,5,7,
v1080,o15,d7,t1,n9,15,14,13,12,11,3,6,5,7,
v1081,o15,d7,t1,n9,15,14,13,12,11,3,6,5,7,
v1082,o15,d7,t1,n12,15,14,13,12,16,1,2,4,3,6,5,7,
v1083,o15,d7,t1,n12,15,14,13,12,16,1,2,4,3,6,5,7,
v1084,o15,d7,t1,n9,15,14,13,12,11,3,6,5,7,
v1085,o15,d7,t1,n12,15,14,13,12,16,1,2,4,3,6,5,7,
v1086,o15,d7,t1,n12,15,14,13,12,16,1,2,4,3,6,5,7,
v1087,o15,d7,t1,n9,15,14,13,12,11,3,6,5,7,
v1088,o15,d7,t1,n9,15,14,13,12,11,3,6,5,7,
v1089,o15,d7,t1,n12,15,14,13,12,16,1,2,4,3,6,5,7,
v1090,o15,d7,t1,n9,15,14,13,12,11,3,6,5,7,
v1091,o15,d7,t1,n9,15,14,13,12,11,3,6,5,7,
v1092,o15,d7,t1,n12,15,14,13,12,16,1,2,4,3,6,5,7,
v1093,o15,d7,t1,n12,15,14,13,12,16,1,2,4,3,6,5,7,
v1094,o15,d7,t1,n9,15,14,13,12,11,3,6,5,7,
v1095,o15,d7,t1,n9,15,14,13,12,11,3,6,5,7,
v1096,o15,d7,t1,n12,15,14,13,12,16,1,2,4,3,6,5,7,
v1097,o15,d7,t1,n9,15,14,13,12,11,3,6,5,7,
v1098,o15,d7,t1,n9,15,14,13,12,11,3,6,5,7,
v1099,o15,d7,t1,n12,15,14,13,12,16,1,2,4,3,6,5,7,
v1100,o15,d7,t1,n12,15,14,13,12,16,1,2,4,3,6,5,7,
v1101,o15,d7,t1,n9,15,14,13,12,11,3,6,5,7,
v1102,o15,d7,t1,n12,15,14,13,12,16,1,2,4,3,6,5,7,
v1103,o15,d7,t1,n12,15,14,13,12,16,1,2,4,3,6,5,7,
v1104,o15,d7,t1,n9,15,14,13,12,11,3,6,5,7,
v1105,o15,d7,t1,n9,15,14,13,12,11,3,6,5,7,
v1106,o15,d7,t1,n12,15,14,13,12,16,1,2,4,3,6,5,7,
v1107,o15,d7,t1,n12,15,14,13,12,16,1,2,4,3,6,5,7,
v1108,o15,d7,t1,n9,15,14,13,12,11,3,6,5,7,
v1109,o15,d7,t1,n12,15,14,13,12,16,1,2,4,3,6,5,7,
v1110,o15,d7,t1,n12,15,14,13,12,16,1,2,4,3,6,5,7,
v1111,o15,d7,t1,n9,15,14,13,12,11,3,6,5,7,
v1112,o15,d7,t1,n9,15,14,13,12,11,3,6,5,7,
v1113,o15,d7,t1,n12,15,14,13,12,16,1,2,4,3,6,5,7,
v1114,o15,d7,t1,n9,15,14,13,12,11,3,6,5,7,
v1115,o15,d7,t1,n9,15,14,13,12,11,3,6,5,7,
v1116,o15,d7,t1,n12,15,14,13,12,16,1,2,4,3,6,5,7,
v1117,o15,d7,t1,n12,15,14,13,12,16,1,2,4,3,6,5,7,
v1118,o15,d7,t1,n9,15,14,13,12,11,3,6,5,7,
v1119,o15,d7,t1,n9,15,14,13,12,11,3,6,5,7,
v1120,o15,d7,t1,n12,15,14,13,12,16,1,2,4,3,6,5,7,
v1121,o15,d7,t1,n9,15,14,13,12,11,3,6,5,7,
v1122,o15,d7,t1,n9,15,14,13,12,11,3,6,5,7,
v1123,o15,d7,t1,n12,15,14,13,12,16,1,2,4,3,6,5,7,
v1124,o15,d7,t1,n12,15,14,13,12,16,1,2,4,3,6,5,7,
v1125,o15,d7,t1,n9,15,14,13,12,11,3,6,5,7,
v1126,o15,d7,t1,n12,15,14,13,12,16,1,2,4,3,6,5,7,
v1127,o15,d7,t1,n12,15,14,13,12,16,1,2,4,3,6,5,7,
v1128,o15,d7,t1,n9,15,14,13,12,11,3,6,5,7,
v1129,o15,d7,t1,n9,15,14,13,12,11,3,6,5,7,
v1130,o15,d7,t1,n12,15,14,13,12,16,1,2,4,3,6,5,7,
v1131,o15,d7,t1,n12,15,14,13,12,16,1,2,4,3,6,5,7,
v1132,o15,d7,t1,n9,15,14,13,12,11,3,6,5,7,
v1133,o15,d7,t1,n12,15,14,13,12,16,1,2,4,3,6,5,7,
v1134,o15,d7,t1,n12,15,14,13,12,16,1,2,4,3,6,5,7,
v1135,o15,d7,t1,n9,15,14,13,12,11,3,6,5,7,
v1136,o15,d7,t1,n9,15,14,13,12,11,3,6,5,7,
v1137,o15,d7,t1,n12,15,14,13,12,16,1,2,4,3,6,5,7,
v1138,o15,d7,t1,n9,15,14,13,12,11,3,6,5,7,
v1139,o15,d7,t1,n9,15,14,13,12,11,3,6,5,7,
v1140,o15,d7,t1,n12,15,14,13,12,16,1,2,4,3,6,5,7,
v1141,o15,d7,t1,n12,15,14,13,12,16,1,2,4,3,6,5,7,
v1142,o15,d7,t1,n9,15,14,13,12,11,3,6,5,7,
v1143,o15,d7,t1,n9,15,14,13,12,11,3,6,5,7,
v1144,o15,d7,t1,n12,15,14,13,12,16,1,2,4,3,6,5,7,
v1145,o15,d7,t1,n9,15,14,13,12,11,3,6,5,7,
v1146,o15,d7,t1,n9,15,14,13,12,11,3,6,5,7,
v1147,o15,d7,t1,n12,15,14,13,12,16,1,2,4,3,6,5,7,
v1148,o15,d7,t1,n12,15,14,13,12,16,1,2,4,3,6,5,7,
v1149,o15,d7,t1,n9,15,14,13,12,11,3,6,5,7,
v1150,o15,d7,t1,n12,15,14,13,12,16,1,2,4,3,6,5,7,
v1151,o15,d7,t1,n12,15,14,13,12,16,1,2,4,3,6,5,7,
v1152,o15,d7,t1,n9,15,14,13,12,11,3,6,5,7,
v1153,o15,d7,t1,n9,15,14,13,12,11,3,6,5,7,
v1154,o15,d7,t1,n12,15,14,13,12,16,1,2,4,3,6,5,7,
v1155,o15,d7,t1,n9,15,14,13,12,11,3,6,5,7,
v1156,o15,d7,t1,n9,15,14,13,12,11,3,6,5,7,
v1157,o15,d7,t1,n12,15,14,13,12,16,1,2,4,3,6,5,7,
v1158,o15,d7,t1,n12,15,14,13,12,16,1,2,4,3,6,5,7,
v1159,o15,d7,t1,n9,15,14,13,12,11,3,6,5,7,
v1160,o15,d7,t1,n9,15,14,13,12,11,3,6,5,7,
v1161,o15,d7,t1,n12,15,14,13,12,16,1,2,4,3,6,5,7,
v1162,o15,d7,t1,n9,15,14,13,12,11,3,6,5,7,
v1163,o15,d7,t1,n9,15,14,13,12,11,3,6,5,7,
v1164,o15,d7,t1,n12,15,14,13,12,16,1,2,4,3,6,5,7,
v1165,o15,d7,t1,n12,15,14,13,12,16,1,2,4,3,6,5,7,
v1166,o15,d7,t1,n9,15,14,13,12,11,3,6,5,7,
v1167,o15,d7,t1,n12,15,14,13,12,16,1,2,4,3,6,5,7,
v1168,o15,d7,t1,n12,15,14,13,12,16,1,2,4,3,6,5,7,
v1169,o15,d7,t1,n9,15,14,13,12,11,3,6,5,7,
v1170,o15,d7,t1,n9,15,14,13,12,11,3,6,5,7,
v1171,o15,d7,t1,n12,15,14,13,12,16,1,2,4,3,6,5,7,
v1172,o15,d7,t1,n12,15,14,13,12,16,1,2,4,3,6,5,7,
v1173,o15,d7,t1,n9,15,14,13,12,11,3,6,5,7,
v1174,o15,d7,t1,n12,15,14,13,12,16,1,2,4,3,6,5,7,
v1175,o15,d7,t1,n12,15,14,13,12,16,1,2,4,3,6,5,7,
v1176,o15,d7,t1,n9,15,14,13,12,11,3,6,5,7,
v1177,o15,d7,t1,n9,15,14,13,12,11,3,6,5,7,
v1178,o15,d7,t1,n12,15,14,13,12,16,1,2,4,3,6,5,7,
v1179,o15,d7,t1,n9,15,14,13,12,11,3,6,5,7,
v1180,o15,d7,t1,n9,15,14,13,12,11,3,6,5,7,
v1181,o15,d7,t1,n12,15,14,13,12,16,1,2,4,3,6,5,7,
v1182,o15,d7,t1,n12,15,14,13,12,16,1,2,4,3,6,5,7,
v1183,o15,d7,t1,n9,15,14,13,12,11,3,6,5,7,
v1184,o15,d7,t1,n9,15,14,13,12,11,3,6,5,7,
v1185,o15,d7,t1,n12,15,14,13,12,16,1,2,4,3,6,5,7,
v1186,o15,d7,t1,n9,15,14,13,12,11,3,6,5,7,
v1187,o15,d7,t1,n9,15,14,13,12,11,3,6,5,7,
v1188,o15,d7,t1,n12,15,14,13,12,16,1,2,4,3,6,5,7,
v1189,o15,d7,t1,n12,15,14,13,12,16,1,2,4,3,6,5,7,
v1190,o15,d7,t1,n9,15,14,13,12,11,3,6,5,7,
v1191,o15,d7,t1,n12,15,14,13,12,16,1,2,4,3,6,5,7,
v1192,o15,d7,t1,n12,15,14,13,12,16,1,2,4,3,6,5,7,
v1193,o15,d7,t1,n9,15,14,13,12,11,3,6,5,7,
v1194,o15,d7,t1,n9,15,14,13,12,11,3,6,5,7,
v1195,o15,d7,t1,n12,15,14,13,12,16,1,2,4,3,6,5,7,
v1196,o15,d7,t1,n12,15,14,13,12,16,1,2,4,3,6,5,7,
v1197,o15,d7,t1,n9,15,14,13,12,11,3,6,5,7,
v1198,o15,d7,t1,n12,15,14,13,12,16,1,2,4,3,6,5,7,
v1199,o15,d7,t1,n12,15,14,13,12,16,1,2,4,3,6,5,7,
v1200,o15,d7,t1,n9,15,14,13,12,11,3,6,5,7,
v1201,o15,d7,t1,n9,15,14,13,12,11,3,6,5,7,
v1202,o15,d7,t1,n12,15,14,13,12,16,1,2,4,3,6,5,7,
v1203,o15,d7,t1,n9,15,14,13,12,11,3,6,5,7,
v1204,o15,d7,t1,n9,15,14,13,12,11,3,6,5,7,
v1205,o15,d7,t1,n12,15,14,13,12,16,1,2,4,3,6,5,7,
v1206,o15,d7,t1,n12,15,14,13,12,16,1,2,4,3,6,5,7,
v1207,o15,d7,t1,n9,15,14,13,12,11,3,6,5,7,
v1208,o15,d7,t1,n9,15,14,13,12,11,3,6,5,7,
v1209,o15,d7,t1,n12,15,14,13,12,16,1,2,4,3,6,5,7,
v1210,o15,d7,t1,n9,15,14,13,12,11,3,6,5,7,
v1211,o15,d7,t1,n9,15,14,13,12,11,3,6,5,7,
v1212,o15,d7,t1,n12,15,14,13,12,16,1,2,4,3,6,5,7,
v1213,o15,d7,t1,n12,15,14,13,12,16,1,2,4,3,6,5,7,
v1214,o15,d7,t1,n9,15,14,13,12,11,3,6,5,7,
v1215,o15,d7,t1,n12,15,14,13,12,16,1,2,4,3,6,5,7,
v1216,o15,d7,t1,n12,15,14,13,12,16,1,2,4,3,6,5,7,
v1217,o15,d7,t1,n9,15,14,13,12,11,3,6,5,7,
v1218,o15,d7,t1,n9,15,14,13,12,11,3,6,5,7,
v1219,o15,d7,t1,n12,15,14,13,12,16,1,2,4,3,6,5,7,
v1220,o15,d7,t1,n12,15,14,13,12,16,1,2,4,3,6,5,7,
v1221,o15,d7,t1,n9,15,14,13,12,11,3,6,5,7,
v1222,o15,d7,t1,n12,15,14,13,12,16,1,2,4,3,6,5,7,
v1223,o15,d7,t1,n12,15,14,13,12,16,1,2,4,3,6,5,7,
v1224,o15,d7,t1,n9,15,14,13,12,11,3,6,5,7,
v1225,o15,d7,t1,n9,15,14,13,12,11,3,6,5,7,
v1226,o15,d7,t1,n12,15,14,13,12,16,1,2,4,3,6,5,7,
v1227,o15,d7,t1,n9,15,14,13,12,11,3,6,5,7,
v1228,o15,d7,t1,n9,15,14,13,12,11,3,6,5,7,
v1229,o15,d7,t1,n12,15,14,13,12,16,1,2,4,3,6,5,7,
v1230,o15,d7,t1,n12,15,14,13,12,16,1,2,4,3,6,5,7,
v1231,o15,d7,t1,n9,15,14,13,12,11,3,6,5,7,
v1232,o15,d7,t1,n12,15,14,13,12,16,1,2,4,3,6,5,7,
v1233,o15,d7,t1,n12,15,14,13,12,16,1,2,4,3,6,5,7,
v1234,o15,d7,t1,n9,15,14,13,12,11,3,6,5,7,
v1235,o15,d7,t1,n9,15,14,13,12,11,3,6,5,7,
v1236,o15,d7,t1,n12,15,14,13,12,16,1,2,4,3,6,5,7,
v1237,o15,d7,t1,n12,15,14,13,12,16,1,2,4,3,6,5,7,
v1238,o15,d7,t1,n9,15,14,13,12,11,3,6,5,7,
v1239,o15,d7,t1,n12,15,14,13,12,16,1,2,4,3,6,5,7,
v1240,o15,d7,t1,n12,15,14,13,12,16,1,2,4,3,6,5,7,
v1241,o15,d7,t1,n9,15,14,13,12,11,3,6,5,7,
v1242,o15,d7,t1,n9,15,14,13,12,11,3,6,5,7,
v1243,o15,d7,t1,n12,15,14,13,12,16,1,2,4,3,6,5,7,
v1244,o15,d7,t1,n9,15,14,13,12,11,3,6,5,7,
v1245,o15,d7,t1,n9,15,14,13,12,11,3,6,5,7,
v1246,o15,d7,t1,n12,15,14,13,12,16,1,2,4,3,6,5,7,
v1247,o15,d7,t1,n12,15,14,13,12,16,1,2,4,3,6,5,7,
v1248,o15,d7,t1,n9,15,14,13,12,11,3,6,5,7,
v1249,o15,d7,t1,n9,15,14,13,12,11,3,6,5,7,
v1250,o15,d7,t1,n9,15,14,13,12,11,3,6,5,7,
v1251,o15,d7,t1,n9,15,14,13,12,11,3,6,5,7,
v1252,o15,d7,t1,n9,15,14,13,12,11,3,6,5,7,
v1253,o15,d7,t1,n9,15,14,13,12,11,3,6,5,7,
v1254,o15,d7,t1,n9,15,14,13,12,11,3,6,5,7,
v1255,o15,d7,t1,n9,15,14,13,12,11,3,6,5,7,
v1256,o15,d7,t1,n9,15,14,13,12,11,3,6,5,7,
v1257,o15,d7,t1,n9,15,14,13,12,11,3,6,5,7,
v1258,o15,d7,t1,n9,15,14,13,12,11,3,6,5,7,
v1259,o15,d7,t1,n9,15,14,13,12,11,3,6,5,7,
v1260,o15,d7,t1,n9,15,14,13,12,11,3,6,5,7,
v1261,o15,d7,t1,n9,15,14,13,12,11,3,6,5,7,
v1262,o15,d7,t1,n9,15,14,13,12,11,3,6,5,7,
v1263,o15,d7,t1,n9,15,14,13,12,11,3,6,5,7,
v1264,o15,d7,t1,n9,15,14,13,12,11,3,6,5,7,
v1265,o15,d7,t1,n9,15,14,13,12,11,3,6,5,7,
v1266,o15,d7,t1,n9,15,14,13,12,11,3,6,5,7,
v1267,o15,d7,t1,n12,15,14,13,12,16,1,2,4,3,6,5,7,
v1268,o15,d7,t1,n9,15,14,13,12,11,3,6,5,7,
v1269,o15,d7,t1,n9,15,14,13,12,11,3,6,5,7,
v1270,o15,d7,t1,n12,15,14,13,12,16,1,2,4,3,6,5,7,
v1271,o15,d7,t1,n12,15,14,13,12,16,1,2,4,3,6,5,7,
v1272,o15,d7,t1,n9,15,14,13,12,11,3,6,5,7,
v1273,o15,d7,t1,n9,15,14,13,12,11,3,6,5,7,
v1274,o15,d7,t1,n12,15,14,13,12,16,1,2,4,3,6,5,7,
v1275,o15,d7,t1,n9,15,14,13,12,11,3,6,5,7,
v1276,o15,d7,t1,n9,15,14,13,12,11,3,6,5,7,
v1277,o15,d7,t1,n12,15,14,13,12,16,1,2,4,3,6,5,7,
v1278,o15,d7,t1,n12,15,14,13,12,16,1,2,4,3,6,5,7,
v1279,o15,d7,t1,n9,15,14,13,12,11,3,6,5,7,
v1280,o15,d7,t1,n12,15,14,13,12,16,1,2,4,3,6,5,7,
v1281,o15,d7,t1,n12,15,14,13,12,16,1,2,4,3,6,5,7,
v1282,o15,d7,t1,n9,15,14,13,12,11,3,6,5,7,
v1283,o15,d7,t1,n9,15,14,13,12,11,3,6,5,7,
v1284,o15,d7,t1,n12,15,14,13,12,16,1,2,4,3,6,5,7,
v1285,o15,d7,t1,n12,15,14,13,12,16,1,2,4,3,6,5,7,
v1286,o15,d7,t1,n9,15,14,13,12,11,3,6,5,7,
v1287,o15,d7,t1,n12,15,14,13,12,16,1,2,4,3,6,5,7,
v1288,o15,d7,t1,n12,15,14,13,12,16,1,2,4,3,6,5,7,
v1289,o15,d7,t1,n9,15,14,13,12,11,3,6,5,7,
v1290,o15,d7,t1,n9,15,14,13,12,11,3,6,5,7,
v1291,o15,d7,t1,n12,15,14,13,12,16,1,2,4,3,6,5,7,
v1292,o15,d7,t1,n9,15,14,13,12,11,3,6,5,7,
v1293,o15,d7,t1,n9,15,14,13,12,11,3,6,5,7,
v1294,o15,d7,t1,n12,15,14,13,12,16,1,2,4,3,6,5,7,
v1295,o15,d7,t1,n12,15,14,13,12,16,1,2,4,3,6,5,7,
v1296,o15,d7,t1,n9,15,14,13,12,11,3,6,5,7,
v1297,o15,d7,t1,n9,15,14,13,12,11,3,6,5,7,
v1298,o15,d7,t1,n12,15,14,13,12,16,1,2,4,3,6,5,7,
v1299,o15,d7,t1,n9,15,14,13,12,11,3,6,5,7,
v1300,o15,d7,t1,n9,15,14,13,12,11,3,6,5,7,
v1301,o15,d7,t1,n12,15,14,13,12,16,1,2,4,3,6,5,7,
v1302,o15,d7,t1,n12,15,14,13,12,16,1,2,4,3,6,5,7,
v1303,o15,d7,t1,n9,15,14,13,12,11,3,6,5,7,
v1304,o15,d7,t1,n12,15,14,13,12,16,1,2,4,3,6,5,7,
v1305,o15,d7,t1,n12,15,14,13,12,16,1,2,4,3,6,5,7,
v1306,o15,d7,t1,n9,15,14,13,12,11,3,6,5,7,
v1307,o15,d7,t1,n9,15,14,13,12,11,3,6,5,7,
v1308,o15,d7,t1,n12,15,14,13,12,16,1,2,4,3,6,5,7,
v1309,o15,d7,t1,n9,15,14,13,12,11,3,6,5,7,
v1310,o15,d7,t1,n9,15,14,13,12,11,3,6,5,7,
v1311,o15,d7,t1,n12,15,14,13,12,16,1,2,4,3,6,5,7,
v1312,o15,d7,t1,n12,15,14,13,12,16,1,2,4,3,6,5,7,
v1313,o15,d7,t1,n9,15,14,13,12,11,3,6,5,7,
v1314,o15,d7,t1,n9,15,14,13,12,11,3,6,5,7,
v1315,o15,d7,t1,n12,15,14,13,12,16,1,2,4,3,6,5,7,
v1316,o15,d7,t1,n9,15,14,13,12,11,3,6,5,7,
v1317,o15,d7,t1,n9,15,14,13,12,11,3,6,5,7,
v1318,o15,d7,t1,n12,15,14,13,12,16,1,2,4,3,6,5,7,
v1319,o15,d7,t1,n12,15,14,13,12,16,1,2,4,3,6,5,7,
v1320,o15,d7,t1,n9,15,14,13,12,11,3,6,5,7,
v1321,o15,d7,t1,n12,15,14,13,12,16,1,2,4,3,6,5,7,
v1322,o15,d7,t1,n12,15,14,13,12,16,1,2,4,3,6,5,7,
v1323,o15,d7,t1,n9,15,14,13,12,11,3,6,5,7,
v1324,o15,d7,t1,n9,15,14,13,12,11,3,6,5,7,
v1325,o15,d7,t1,n12,15,14,13,12,16,1,2,4,3,6,5,7,
v1326,o15,d7,t1,n12,15,14,13,12,16,1,2,4,3,6,5,7,
v1327,o15,d7,t1,n9,15,14,13,12,11,3,6,5,7,
v1328,o15,d7,t1,n12,15,14,13,12,16,1,2,4,3,6,5,7,
v1329,o15,d7,t1,n12,15,14,13,12,16,1,2,4,3,6,5,7,
v1330,o15,d7,t1,n9,15,14,13,12,11,3,6,5,7,
v1331,o15,d7,t1,n9,15,14,13,12,11,3,6,5,7,
v1332,o15,d7,t1,n12,15,14,13,12,16,1,2,4,3,6,5,7,
v1333,o15,d7,t1,n9,15,14,13,12,11,3,6,5,7,
v1334,o15,d7,t1,n9,15,14,13,12,11,3,6,5,7,
v1335,o15,d7,t1,n12,15,14,13,12,16,1,2,4,3,6,5,7,
v1336,o15,d7,t1,n12,15,14,13,12,16,1,2,4,3,6,5,7,
v1337,o15,d7,t1,n9,15,14,13,12,11,3,6,5,7,
v1338,o15,d7,t1,n9,15,14,13,12,11,3,6,5,7,
v1339,o15,d7,t1,n12,15,14,13,12,16,1,2,4,3,6,5,7,
v1340,o15,d7,t1,n9,15,14,13,12,11,3,6,5,7,
v1341,o15,d7,t1,n9,15,14,13,12,11,3,6,5,7,
v1342,o15,d7,t1,n12,15,14,13,12,16,1,2,4,3,6,5,7,
v1343,o15,d7,t1,n12,15,14,13,12,16,1,2,4,3,6,5,7,
v1344,o15,d7,t1,n9,15,14,13,12,11,3,6,5,7,
v1345,o15,d7,t1,n12,15,14,13,12,16,1,2,4,3,6,5,7,
v1346,o15,d7,t1,n12,15,14,13,12,16,1,2,4,3,6,5,7,
v1347,o15,d7,t1,n9,15,14,13,12,11,3,6,5,7,
v1348,o15,d7,t1,n9,15,14,13,12,11,3,6,5,7,
v1349,o15,d7,t1,n12,15,14,13,12,16,1,2,4,3,6,5,7,
v1350,o15,d7,t1,n12,15,14,13,12,16,1,2,4,3,6,5,7,
v1351,o15,d7,t1,n9,15,14,13,12,11,3,6,5,7,
v1352,o15,d7,t1,n12,15,14,13,12,16,1,2,4,3,6,5,7,
v1353,o15,d7,t1,n12,15,14,13,12,16,1,2,4,3,6,5,7,
v1354,o15,d7,t1,n9,15,14,13,12,11,3,6,5,7,
v1355,o15,d7,t1,n9,15,14,13,12,11,3,6,5,7,
v1356,o15,d7,t1,n12,15,14,13,12,16,1,2,4,3,6,5,7,
v1357,o15,d7,t1,n9,15,14,13,12,11,3,6,5,7,
v1358,o15,d7,t1,n9,15,14,13,12,11,3,6,5,7,
v1359,o15,d7,t1,n12,15,14,13,12,16,1,2,4,3,6,5,7,
v1360,o15,d7,t1,n12,15,14,13,12,16,1,2,4,3,6,5,7,
v1361,o15,d7,t1,n9,15,14,13,12,11,3,6,5,7,
v1362,o15,d7,t1,n9,15,14,13,12,11,3,6,5,7,
v1363,o15,d7,t1,n12,15,14,13,12,16,1,2,4,3,6,5,7,
v1364,o15,d7,t1,n9,15,14,13,12,11,3,6,5,7,
v1365,o15,d7,t1,n9,15,14,13,12,11,3,6,5,7,
v1366,o15,d7,t1,n12,15,14,13,12,16,1,2,4,3,6,5,7,
v1367,o15,d7,t1,n12,15,14,13,12,16,1,2,4,3,6,5,7,
v1368,o15,d7,t1,n9,15,14,13,12,11,3,6,5,7,
v1369,o15,d7,t1,n12,15,14,13,12,16,1,2,4,3,6,5,7,
v1370,o15,d7,t1,n12,15,14,13,12,16,1,2,4,3,6,5,7,
v1371,o15,d7,t1,n9,15,14,13,12,11,3,6,5,7,
v1372,o15,d7,t1,n9,15,14,13,12,11,3,6,5,7,
v1373,o15,d7,t1,n12,15,14,13,12,16,1,2,4,3,6,5,7,
v1374,o15,d7,t1,n12,15,14,13,12,16,1,2,4,3,6,5,7,
v1375,o15,d7,t1,n9,15,14,13,12,11,3,6,5,7,
v1376,o15,d7,t1,n12,15,14,13,12,16,1,2,4,3,6,5,7,
v1377,o15,d7,t1,n12,15,14,13,12,16,1,2,4,3,6,5,7,
v1378,o15,d7,t1,n9,15,14,13,12,11,3,6,5,7,
v1379,o15,d7,t1,n9,15,14,13,12,11,3,6,5,7,
v1380,o15,d7,t1,n12,15,14,13,12,16,1,2,4,3,6,5,7,
v1381,o15,d7,t1,n9,15,14,13,12,11,3,6,5,7,
v1382,o15,d7,t1,n9,15,14,13,12,11,3,6,5,7,
v1383,o15,d7,t1,n12,15,14,13,12,16,1,2,4,3,6,5,7,
v1384,o15,d7,t1,n12,15,14,13,12,16,1,2,4,3,6,5,7,
v1385,o15,d7,t1,n9,15,14,13,12,11,3,6,5,7,
v1386,o15,d7,t1,n12,15,14,13,12,16,1,2,4,3,6,5,7,
v1387,o15,d7,t1,n12,15,14,13,12,16,1,2,4,3,6,5,7,
v1388,o15,d7,t1,n9,15,14,13,12,11,3,6,5,7,
v1389,o15,d7,t1,n9,15,14,13,12,11,3,6,5,7,
v1390,o15,d7,t1,n12,15,14,13,12,16,1,2,4,3,6,5,7,
v1391,o15,d7,t1,n12,15,14,13,12,16,1,2,4,3,6,5,7,
v1392,o15,d7,t1,n9,15,14,13,12,11,3,6,5,7,
v1393,o15,d7,t1,n12,15,14,13,12,16,1,2,4,3,6,5,7,
v1394,o15,d7,t1,n12,15,14,13,12,16,1,2,4,3,6,5,7,
v1395,o15,d7,t1,n9,15,14,13,12,11,3,6,5,7,
v1396,o15,d7,t1,n9,15,14,13,12,11,3,6,5,7,
v1397,o15,d7,t1,n12,15,14,13,12,16,1,2,4,3,6,5,7,
v1398,o15,d7,t1,n9,15,14,13,12,11,3,6,5,7,
v1399,o15,d7,t1,n9,15,14,13,12,11,3,6,5,7,
v1400,o15,d7,t1,n12,15,14,13,12,16,1,2,4,3,6,5,7,
v1401,o15,d7,t1,n12,15,14,13,12,16,1,2,4,3,6,5,7,
v1402,o15,d7,t1,n9,15,14,13,12,11,3,6,5,7,
v1403,o15,d7,t1,n9,15,14,13,12,11,3,6,5,7,
v1404,o15,d7,t1,n12,15,14,13,12,16,1,2,4,3,6,5,7,
v1405,o15,d7,t1,n9,15,14,13,12,11,3,6,5,7,
v1406,o15,d7,t1,n9,15,14,13,12,11,3,6,5,7,
v1407,o15,d7,t1,n12,15,14,13,12,16,1,2,4,3,6,5,7,
v1408,o15,d7,t1,n12,15,14,13,12,16,1,2,4,3,6,5,7,
v1409,o15,d7,t1,n9,15,14,13,12,11,3,6,5,7,
v1410,o15,d7,t1,n12,15,14,13,12,16,1,2,4,3,6,5,7,
v1411,o15,d7,t1,n12,15,14,13,12,16,1,2,4,3,6,5,7,
v1412,o15,d7,t1,n9,15,14,13,12,11,3,6,5,7,
v1413,o15,d7,t1,n9,15,14,13,12,11,3,6,5,7,
v1414,o15,d7,t1,n12,15,14,13,12,16,1,2,4,3,6,5,7,
v1415,o15,d7,t1,n12,15,14,13,12,16,1,2,4,3,6,5,7,
v1416,o15,d7,t1,n9,15,14,13,12,11,3,6,5,7,
v1417,o15,d7,t1,n12,15,14,13,12,16,1,2,4,3,6,5,7,
v1418,o15,d7,t1,n12,15,14,13,12,16,1,2,4,3,6,5,7,
v1419,o15,d7,t1,n9,15,14,13,12,11,3,6,5,7,
v1420,o15,d7,t1,n9,15,14,13,12,11,3,6,5,7,
v1421,o15,d7,t1,n12,15,14,13,12,16,1,2,4,3,6,5,7,
v1422,o15,d7,t1,n9,15,14,13,12,11,3,6,5,7,
v1423,o15,d7,t1,n9,15,14,13,12,11,3,6,5,7,
v1424,o15,d7,t1,n12,15,14,13,12,16,1,2,4,3,6,5,7,
v1425,o15,d7,t1,n12,15,14,13,12,16,1,2,4,3,6,5,7,
v1426,o15,d7,t1,n9,15,14,13,12,11,3,6,5,7,
v1427,o15,d7,t1,n9,15,14,13,12,11,3,6,5,7,
v1428,o15,d7,t1,n12,15,14,13,12,16,1,2,4,3,6,5,7,
v1429,o15,d7,t1,n9,15,14,13,12,11,3,6,5,7,
v1430,o15,d7,t1,n9,15,14,13,12,11,3,6,5,7,
v1431,o15,d7,t1,n12,15,14,13,12,16,1,2,4,3,6,5,7,
v1432,o15,d7,t1,n12,15,14,13,12,16,1,2,4,3,6,5,7,
v1433,o15,d7,t1,n9,15,14,13,12,11,3,6,5,7,
v1434,o15,d7,t1,n12,15,14,13,12,16,1,2,4,3,6,5,7,
v1435,o15,d7,t1,n12,15,14,13,12,16,1,2,4,3,6,5,7,
v1436,o15,d7,t1,n9,15,14,13,12,11,3,6,5,7,
v1437,o15,d7,t1,n9,15,14,13,12,11,3,6,5,7,
v1438,o15,d7,t1,n12,15,14,13,12,16,1,2,4,3,6,5,7,
v1439,o15,d7,t1,n12,15,14,13,12,16,1,2,4,3,6,5,7,
v1440,o15,d7,t1,n9,15,14,13,12,11,3,6,5,7,
v1441,o15,d7,t1,n12,15,14,13,12,16,1,2,4,3,6,5,7,
v1442,o15,d7,t1,n12,15,14,13,12,16,1,2,4,3,6,5,7,
v1443,o15,d7,t1,n9,15,14,13,12,11,3,6,5,7,
v1444,o15,d7,t1,n9,15,14,13,12,11,3,6,5,7,
v1445,o15,d7,t1,n12,15,14,13,12,16,1,2,4,3,6,5,7,
v1446,o15,d7,t1,n9,15,14,13,12,11,3,6,5,7,
v1447,o15,d7,t1,n9,15,14,13,12,11,3,6,5,7,
v1448,o15,d7,t1,n12,15,14,13,12,16,1,2,4,3,6,5,7,
v1449,o15,d7,t1,n12,15,14,13,12,16,1,2,4,3,6,5,7,
v1450,o15,d7,t1,n9,15,14,13,12,11,3,6,5,7,
v1451,o15,d7,t1,n9,15,14,13,12,11,3,6,5,7,
v1452,o15,d7,t1,n12,15,14,13,12,16,1,2,4,3,6,5,7,
v1453,o15,d7,t1,n9,15,14,13,12,11,3,6,5,7,
v1454,o15,d7,t1,n9,15,14,13,12,11,3,6,5,7,
v1455,o15,d7,t1,n12,15,14,13,12,16,1,2,4,3,6,5,7,
v1456,o15,d7,t1,n12,15,14,13,12,16,1,2,4,3,6,5,7,
v1457,o15,d7,t1,n9,15,14,13,12,11,3,6,5,7,
v1458,o15,d7,t1,n12,15,14,13,12,16,1,2,4,3,6,5,7,
v1459,o15,d7,t1,n12,15,14,13,12,16,1,2,4,3,6,5,7,
v1460,o15,d7,t1,n9,15,14,13,12,11,3,6,5,7,
v1461,o15,d7,t1,n9,15,14,13,12,11,3,6,5,7,
v1462,o15,d7,t1,n12,15,14,13,12,16,1,2,4,3,6,5,7,
v1463,o15,d7,t1,n9,15,14,13,12,11,3,6,5,7,
v1464,o15,d7,t1,n9,15,14,13,12,11,3,6,5,7,
v1465,o15,d7,t1,n12,15,14,13,12,16,1,2,4,3,6,5,7,
v1466,o15,d7,t1,n12,15,14,13,12,16,1,2,4,3,6,5,7,
v1467,o15,d7,t1,n9,15,14,13,12,11,3,6,5,7,
v1468,o15,d7,t1,n9,15,14,13,12,11,3,6,5,7,
v1469,o15,d7,t1,n12,15,14,13,12,16,1,2,4,3,6,5,7,
v1470,o15,d7,t1,n9,15,14,13,12,11,3,6,5,7,
v1471,o15,d7,t1,n9,15,14,13,12,11,3,6,5,7,
v1472,o15,d7,t1,n12,15,14,13,12,16,1,2,4,3,6,5,7,
v1473,o15,d7,t1,n12,15,14,13,12,16,1,2,4,3,6,5,7,
v1474,o15,d7,t1,n9,15,14,13,12,11,3,6,5,7,
v1475,o15,d7,t1,n12,15,14,13,12,16,1,2,4,3,6,5,7,
v1476,o15,d7,t1,n12,15,14,13,12,16,1,2,4,3,6,5,7,
v1477,o15,d7,t1,n9,15,14,13,12,11,3,6,5,7,
v1478,o15,d7,t1,n9,15,14,13,12,11,3,6,5,7,
v1479,o15,d7,t1,n12,15,14,13,12,16,1,2,4,3,6,5,7,
v1480,o15,d7,t1,n12,15,14,13,12,16,1,2,4,3,6,5,7,
v1481,o15,d7,t1,n9,15,14,13,12,11,3,6,5,7,
v1482,o15,d7,t1,n12,15,14,13,12,16,1,2,4,3,6,5,7,
v1483,o15,d7,t1,n12,15,14,13,12,16,1,2,4,3,6,5,7,
v1484,o15,d7,t1,n9,15,14,13,12,11,3,6,5,7,
v1485,o15,d7,t1,n9,15,14,13,12,11,3,6,5,7,
v1486,o15,d7,t1,n12,15,14,13,12,16,1,2,4,3,6,5,7,
v1487,o15,d7,t1,n9,15,14,13,12,11,3,6,5,7,
v1488,o15,d7,t1,n9,15,14,13,12,11,3,6,5,7,
v1489,o15,d7,t1,n12,15,14,13,12,16,1,2,4,3,6,5,7,
v1490,o15,d7,t1,n12,15,14,13,12,16,1,2,4,3,6,5,7,
v1491,o15,d7,t1,n9,15,14,13,12,11,3,6,5,7,
v1492,o15,d7,t1,n9,15,14,13,12,11,3,6,5,7,
v1493,o15,d7,t1,n12,15,14,13,12,16,1,2,4,3,6,5,7,
v1494,o15,d7,t1,n9,15,14,13,12,11,3,6,5,7,
v1495,o15,d7,t1,n9,15,14,13,12,11,3,6,5,7,
v1496,o15,d7,t1,n12,15,14,13,12,16,1,2,4,3,6,5,7,
v1497,o15,d7,t1,n12,15,14,13,12,16,1,2,4,3,6,5,7,
v1498,o15,d7,t1,n9,15,14,13,12,11,3,6,5,7,
v1499,o15,d7,t1,n12,15,14,13,12,16,1,2,4,3,6,5,7,
v1500,o15,d7,t1,n9,15,14,13,12,11,3,6,5,7,
v1501,o15,d7,t1,n9,15,14,13,12,11,3,6,5,7,
v1502,o15,d7,t1,n9,15,14,13,12,11,3,6,5,7,
v1503,o15,d7,t1,n9,15,14,13,12,11,3,6,5,7,
v1504,o15,d7,t1,n9,15,14,13,12,11,3,6,5,7,
v1505,o15,d7,t1,n9,15,14,13,12,11,3,6,5,7,
v1506,o15,d7,t1,n9,15,14,13,12,11,3,6,5,7,
v1507,o15,d7,t1,n9,15,14,13,12,11,3,6,5,7,
v1508,o15,d7,t1,n9,15,14,13,12,11,3,6,5,7,
v1509,o15,d7,t1,n9,15,14,13,12,11,3,6,5,7,
v1510,o15,d7,t1,n9,15,14,13,12,11,3,6,5,7,
v1511,o15,d7,t1,n9,15,14,13,12,11,3,6,5,7,
v1512,o15,d7,t1,n9,15,14,13,12,11,3,6,5,7,
v1513,o15,d7,t1,n9,15,14,13,12,11,3,6,5,7,
v1514,o15,d7,t1,n9,15,14,13,12,11,3,6,5,7,
v1515,o15,d7,t1,n9,15,14,13,12,11,3,6,5,7,
v1516,o15,d7,t1,n9,15,14,13,12,11,3,6,5,7,
v1517,o15,d7,t1,n12,15,14,13,12,16,1,2,4,3,6,5,7,
v1518,o15,d7,t1,n9,15,14,13,12,11,3,6,5,7,
v1519,o15,d7,t1,n9,15,14,13,12,11,3,6,5,7,
v1520,o15,d7,t1,n12,15,14,13,12,16,1,2,4,3,6,5,7,
v1521,o15,d7,t1,n12,15,14,13,12,16,1,2,4,3,6,5,7,
v1522,o15,d7,t1,n9,15,14,13,12,11,3,6,5,7,
v1523,o15,d7,t1,n12,15,14,13,12,16,1,2,4,3,6,5,7,
v1524,o15,d7,t1,n12,15,14,13,12,16,1,2,4,3,6,5,7,
v1525,o15,d7,t1,n9,15,14,13,12,11,3,6,5,7,
v1526,o15,d7,t1,n9,15,14,13,12,11,3,6,5,7,
v1527,o15,d7,t1,n12,15,14,13,12,16,1,2,4,3,6,5,7,
v1528,o15,d7,t1,n12,15,14,13,12,16,1,2,4,3,6,5,7,
v1529,o15,d7,t1,n9,15,14,13,12,11,3,6,5,7,
v1530,o15,d7,t1,n12,15,14,13,12,16,1,2,4,3,6,5,7,
v1531,o15,d7,t1,n12,15,14,13,12,16,1,2,4,3,6,5,7,
v1532,o15,d7,t1,n9,15,14,13,12,11,3,6,5,7,
v1533,o15,d7,t1,n9,15,14,13,12,11,3,6,5,7,
v1534,o15,d7,t1,n12,15,14,13,12,16,1,2,4,3,6,5,7,
v1535,o15,d7,t1,n9,15,14,13,12,11,3,6,5,7,
v1536,o15,d7,t1,n9,15,14,13,12,11,3,6,5,7,
v1537,o15,d7,t1,n12,15,14,13,12,16,1,2,4,3,6,5,7,
v1538,o15,d7,t1,n12,15,14,13,12,16,1,2,4,3,6,5,7,
v1539,o15,d7,t1,n9,15,14,13,12,11,3,6,5,7,
v1540,o15,d7,t1,n12,15,14,13,12,16,1,2,4,3,6,5,7,
v1541,o15,d7,t1,n12,15,14,13,12,16,1,2,4,3,6,5,7,
v1542,o15,d7,t1,n9,15,14,13,12,11,3,6,5,7,
v1543,o15,d7,t1,n9,15,14,13,12,11,3,6,5,7,
v1544,o15,d7,t1,n12,15,14,13,12,16,1,2,4,3,6,5,7,
v1545,o15,d7,t1,n12,15,14,13,12,16,1,2,4,3,6,5,7,
v1546,o15,d7,t1,n9,15,14,13,12,11,3,6,5,7,
v1547,o15,d7,t1,n12,15,14,13,12,16,1,2,4,3,6,5,7,
v1548,o15,d7,t1,n12,15,14,13,12,16,1,2,4,3,6,5,7,
v1549,o15,d7,t1,n9,15,14,13,12,11,3,6,5,7,
v1550,o15,d7,t1,n9,15,14,13,12,11,3,6,5,7,
v1551,o15,d7,t1,n12,15,14,13,12,16,1,2,4,3,6,5,7,
v1552,o15,d7,t1,n9,15,14,13,12,11,3,6,5,7,
v1553,o15,d7,t1,n9,15,14,13,12,11,3,6,5,7,
v1554,o15,d7,t1,n12,15,14,13,12,16,1,2,4,3,6,5,7,
v1555,o15,d7,t1,n12,15,14,13,12,16,1,2,4,3,6,5,7,
v1556,o15,d7,t1,n9,15,14,13,12,11,3,6,5,7,
v1557,o15,d7,t1,n9,15,14,13,12,11,3,6,5,7,
v1558,o15,d7,t1,n12,15,14,13,12,16,1,2,4,3,6,5,7,
v1559,o15,d7,t1,n9,15,14,13,12,11,3,6,5,7,
v1560,o15,d7,t1,n9,15,14,13,12,11,3,6,5,7,
v1561,o15,d7,t1,n12,15,14,13,12,16,1,2,4,3,6,5,7,
v1562,o15,d7,t1,n12,15,14,13,12,16,1,2,4,3,6,5,7,
v1563,o15,d7,t1,n9,15,14,13,12,11,3,6,5,7,
v1564,o15,d7,t1,n12,15,14,13,12,16,1,2,4,3,6,5,7,
v1565,o15,d7,t1,n12,15,14,13,12,16,1,2,4,3,6,5,7,
v1566,o15,d7,t1,n9,15,14,13,12,11,3,6,5,7,
v1567,o15,d7,t1,n9,15,14,13,12,11,3,6,5,7,
v1568,o15,d7,t1,n12,15,14,13,12,16,1,2,4,3,6,5,7,
v1569,o15,d7,t1,n12,15,14,13,12,16,1,2,4,3,6,5,7,
v1570,o15,d7,t1,n9,15,14,13,12,11,3,6,5,7,
v1571,o15,d7,t1,n12,15,14,13,12,16,1,2,4,3,6,5,7,
v1572,o15,d7,t1,n12,15,14,13,12,16,1,2,4,3,6,5,7,
v1573,o15,d7,t1,n9,15,14,13,12,11,3,6,5,7,
v1574,o15,d7,t1,n9,15,14,13,12,11,3,6,5,7,
v1575,o15,d7,t1,n12,15,14,13,12,16,1,2,4,3,6,5,7,
v1576,o15,d7,t1,n9,15,14,13,12,11,3,6,5,7,
v1577,o15,d7,t1,n9,15,14,13,12,11,3,6,5,7,
v1578,o15,d7,t1,n12,15,14,13,12,16,1,2,4,3,6,5,7,
v1579,o15,d7,t1,n12,15,14,13,12,16,1,2,4,3,6,5,7,
v1580,o15,d7,t1,n9,15,14,13,12,11,3,6,5,7,
v1581,o15,d7,t1,n9,15,14,13,12,11,3,6,5,7,
v1582,o15,d7,t1,n12,15,14,13,12,16,1,2,4,3,6,5,7,
v1583,o15,d7,t1,n9,15,14,13,12,11,3,6,5,7,
v1584,o15,d7,t1,n9,15,14,13,12,11,3,6,5,7,
v1585,o15,d7,t1,n12,15,14,13,12,16,1,2,4,3,6,5,7,
v1586,o15,d7,t1,n12,15,14,13,12,16,1,2,4,3,6,5,7,
v1587,o15,d7,t1,n9,15,14,13,12,11,3,6,5,7,
v1588,o15,d7,t1,n12,15,14,13,12,16,1,2,4,3,6,5,7,
v1589,o15,d7,t1,n12,15,14,13,12,16,1,2,4,3,6,5,7,
v1590,o15,d7,t1,n9,15,14,13,12,11,3,6,5,7,
v1591,o15,d7,t1,n9,15,14,13,12,11,3,6,5,7,
v1592,o15,d7,t1,n12,15,14,13,12,16,1,2,4,3,6,5,7,
v1593,o15,d7,t1,n12,15,14,13,12,16,1,2,4,3,6,5,7,
v1594,o15,d7,t1,n9,15,14,13,12,11,3,6,5,7,
v1595,o15,d7,t1,n12,15,14,13,12,16,1,2,4,3,6,5,7,
v1596,o15,d7,t1,n12,15,14,13,12,16,1,2,4,3,6,5,7,
v1597,o15,d7,t1,n9,15,14,13,12,11,3,6,5,7,
v1598,o15,d7,t1,n9,15,14,13,12,11,3,6,5,7,
v1599,o15,d7,t1,n12,15,14,13,12,16,1,2,4,3,6,5,7,
v1600,o15,d7,t1,n9,15,14,13,12,11,3,6,5,7,
v1601,o15,d7,t1,n9,15,14,13,12,11,3,6,5,7,
v1602,o15,d7,t1,n12,15,14,13,12,16,1,2,4,3,6,5,7,
v1603,o15,d7,t1,n12,15,14,13,12,16,1,2,4,3,6,5,7,
v1604,o15,d7,t1,n9,15,14,13,12,11,3,6,5,7,
v1605,o15,d7,t1,n9,15,14,13,12,11,3,6,5,7,
v1606,o15,d7,t1,n12,15,14,13,12,16,1,2,4,3,6,5,7,
v1607,o15,d7,t1,n9,15,14,13,12,11,3,6,5,7,
v1608,o15,d7,t1,n9,15,14,13,12,11,3,6,5,7,
v1609,o15,d7,t1,n12,15,14,13,12,16,1,2,4,3,6,5,7,
v1610,o15,d7,t1,n12,15,14,13,12,16,1,2,4,3,6,5,7,
v1611,o15,d7,t1,n9,15,14,13,12,11,3,6,5,7,
v1612,o15,d7,t1,n12,15,14,13,12,16,1,2,4,3,6,5,7,
v1613,o15,d7,t1,n12,15,14,13,12,16,1,2,4,3,6,5,7,
v1614,o15,d7,t1,n9,15,14,13,12,11,3,6,5,7,
v1615,o15,d7,t1,n9,15,14,13,12,11,3,6,5,7,
v1616,o15,d7,t1,n12,15,14,13,12,16,1,2,4,3,6,5,7,
v1617,o15,d7,t1,n9,15,14,13,12,11,3,6,5,7,
v1618,o15,d7,t1,n9,15,14,13,12,11,3,6,5,7,
v1619,o15,d7,t1,n12,15,14,13,12,16,1,2,4,3,6,5,7,
v1620,o15,d7,t1,n12,15,14,13,12,16,1,2,4,3,6,5,7,
v1621,o15,d7,t1,n9,15,14,13,12,11,3,6,5,7,
v1622,o15,d7,t1,n9,15,14,13,12,11,3,6,5,7,
v1623,o15,d7,t1,n12,15,14,13,12,16,1,2,4,3,6,5,7,
v1624,o15,d7,t1,n9,15,14,13,12,11,3,6,5,7,
v1625,o15,d7,t1,n9,15,14,13,12,11,3,6,5,7,
v1626,o15,d7,t1,n12,15,14,13,12,16,1,2,4,3,6,5,7,
v1627,o15,d7,t1,n12,15,14,13,12,16,1,2,4,3,6,5,7,
v1628,o15,d7,t1,n9,15,14,13,12,11,3,6,5,7,
v1629,o15,d7,t1,n12,15,14,13,12,16,1,2,4,3,6,5,7,
v1630,o15,d7,t1,n12,15,14,13,12,16,1,2,4,3,6,5,7,
v1631,o15,d7,t1,n9,15,14,13,12,11,3,6,5,7,
v1632,o15,d7,t1,n9,15,14,13,12,11,3,6,5,7,
v1633,o15,d7,t1,n12,15,14,13,12,16,1,2,4,3,6,5,7,
v1634,o15,d7,t1,n12,15,14,13,12,16,1,2,4,3,6,5,7,
v1635,o15,d7,t1,n9,15,14,13,12,11,3,6,5,7,
v1636,o15,d7,t1,n12,15,14,13,12,16,1,2,4,3,6,5,7,
v1637,o15,d7,t1,n12,15,14,13,12,16,1,2,4,3,6,5,7,
v1638,o15,d7,t1,n9,15,14,13,12,11,3,6,5,7,
v1639,o15,d7,t1,n9,15,14,13,12,11,3,6,5,7,
v1640,o15,d7,t1,n12,15,14,13,12,16,1,2,4,3,6,5,7,
v1641,o15,d7,t1,n9,15,14,13,12,11,3,6,5,7,
v1642,o15,d7,t1,n9,15,14,13,12,11,3,6,5,7,
v1643,o15,d7,t1,n12,15,14,13,12,16,1,2,4,3,6,5,7,
v1644,o15,d7,t1,n12,15,14,13,12,16,1,2,4,3,6,5,7,
v1645,o15,d7,t1,n9,15,14,13,12,11,3,6,5,7,
v1646,o15,d7,t1,n9,15,14,13,12,11,3,6,5,7,
v1647,o15,d7,t1,n12,15,14,13,12,16,1,2,4,3,6,5,7,
v1648,o15,d7,t1,n9,15,14,13,12,11,3,6,5,7,
v1649,o15,d7,t1,n9,15,14,13,12,11,3,6,5,7,
v1650,o15,d7,t1,n12,15,14,13,12,16,1,2,4,3,6,5,7,
v1651,o15,d7,t1,n12,15,14,13,12,16,1,2,4,3,6,5,7,
v1652,o15,d7,t1,n9,15,14,13,12,11,3,6,5,7,
v1653,o15,d7,t1,n12,15,14,13,12,16,1,2,4,3,6,5,7,
v1654,o15,d7,t1,n12,15,14,13,12,16,1,2,4,3,6,5,7,
v1655,o15,d7,t1,n9,15,14,13,12,11,3,6,5,7,
v1656,o15,d7,t1,n9,15,14,13,12,11,3,6,5,7,
v1657,o15,d7,t1,n12,15,14,13,12,16,1,2,4,3,6,5,7,
v1658,o15,d7,t1,n12,15,14,13,12,16,1,2,4,3,6,5,7,
v1659,o15,d7,t1,n9,15,14,13,12,11,3,6,5,7,
v1660,o15,d7,t1,n12,15,14,13,12,16,1,2,4,3,6,5,7,
v1661,o15,d7,t1,n12,15,14,13,12,16,1,2,4,3,6,5,7,
v1662,o15,d7,t1,n9,15,14,13,12,11,3,6,5,7,
v1663,o15,d7,t1,n9,15,14,13,12,11,3,6,5,7,
v1664,o15,d7,t1,n12,15,14,13,12,16,1,2,4,3,6,5,7,
v1665,o15,d7,t1,n9,15,14,13,12,11,3,6,5,7,
v1666,o15,d7,t1,n9,15,14,13,12,11,3,6,5,7,
v1667,o15,d7,t1,n12,15,14,13,12,16,1,2,4,3,6,5,7,
v1668,o15,d7,t1,n12,15,14,13,12,16,1,2,4,3,6,5,7,
v1669,o15,d7,t1,n9,15,14,13,12,11,3,6,5,7,
v1670,o15,d7,t1,n9,15,14,13,12,11,3,6,5,7,
v1671,o15,d7,t1,n12,15,14,13,12,16,1,2,4,3,6,5,7,
v1672,o15,d7,t1,n9,15,14,13,12,11,3,6,5,7,
v1673,o15,d7,t1,n9,15,14,13,12,11,3,6,5,7,
v1674,o15,d7,t1,n12,15,14,13,12,16,1,2,4,3,6,5,7,
v1675,o15,d7,t1,n12,15,14,13,12,16,1,2,4,3,6,5,7,
v1676,o15,d7,t1,n9,15,14,13,12,11,3,6,5,7,
v1677,o15,d7,t1,n12,15,14,13,12,16,1,2,4,3,6,5,7,
v1678,o15,d7,t1,n12,15,14,13,12,16,1,2,4,3,6,5,7,
v1679,o15,d7,t1,n9,15,14,13,12,11,3,6,5,7,
v1680,o15,d7,t1,n9,15,14,13,12,11,3,6,5,7,
v1681,o15,d7,t1,n12,15,14,13,12,16,1,2,4,3,6,5,7,
v1682,o15,d7,t1,n9,15,14,13,12,11,3,6,5,7,
v1683,o15,d7,t1,n9,15,14,13,12,11,3,6,5,7,
v1684,o15,d7,t1,n12,15,14,13,12,16,1,2,4,3,6,5,7,
v1685,o15,d7,t1,n12,15,14,13,12,16,1,2,4,3,6,5,7,
v1686,o15,d7,t1,n9,15,14,13,12,11,3,6,5,7,
v1687,o15,d7,t1,n9,15,14,13,12,11,3,6,5,7,
v1688,o15,d7,t1,n12,15,14,13,12,16,1,2,4,3,6,5,7,
v1689,o15,d7,t1,n9,15,14,13,12,11,3,6,5,7,
v1690,o15,d7,t1,n9,15,14,13,12,11,3,6,5,7,
v1691,o15,d7,t1,n12,15,14,13,12,16,1,2,4,3,6,5,7,
v1692,o15,d7,t1,n12,15,14,13,12,16,1,2,4,3,6,5,7,
v1693,o15,d7,t1,n9,15,14,13,12,11,3,6,5,7,
v1694,o15,d7,t1,n12,15,14,13,12,16,1,2,4,3,6,5,7,
v1695,o15,d7,t1,n12,15,14,13,12,16,1,2,4,3,6,5,7,
v1696,o15,d7,t1,n9,15,14,13,12,11,3,6,5,7,
v1697,o15,d7,t1,n9,15,14,13,12,11,3,6,5,7,
v1698,o15,d7,t1,n12,15,14,13,12,16,1,2,4,3,6,5,7,
v1699,o15,d7,t1,n12,15,14,13,12,16,1,2,4,3,6,5,7,
v1700,o15,d7,t1,n9,15,14,13,12,11,3,6,5,7,
v1701,o15,d7,t1,n12,15,14,13,12,16,1,2,4,3,6,5,7,
v1702,o15,d7,t1,n12,15,14,13,12,16,1,2,4,3,6,5,7,
v1703,o15,d7,t1,n9,15,14,13,12,11,3,6,5,7,
v1704,o15,d7,t1,n9,15,14,13,12,11,3,6,5,7,
v1705,o15,d7,t1,n12,15,14,13,12,16,1,2,4,3,6,5,7,
v1706,o15,d7,t1,n9,15,14,13,12,11,3,6,5,7,
v1707,o15,d7,t1,n9,15,14,13,12,11,3,6,5,7,
v1708,o15,d7,t1,n12,15,14,13,12,16,1,2,4,3,6,5,7,
v1709,o15,d7,t1,n12,15,14,13,12,16,1,2,4,3,6,5,7,
v1710,o15,d7,t1,n9,15,14,13,12,11,3,6,5,7,
v1711,o15,d7,t1,n9,15,14,13,12,11,3,6,5,7,
v1712,o15,d7,t1,n12,15,14,13,12,16,1,2,4,3,6,5,7,
v1713,o15,d7,t1,n9,15,14,13,12,11,3,6,5,7,
v1714,o15,d7,t1,n9,15,14,13,12,11,3,6,5,7,
v1715,o15,d7,t1,n12,15,14,13,12,16,1,2,4,3,6,5,7,
v1716,o15,d7,t1,n12,15,14,13,12,16,1,2,4,3,6,5,7,
v1717,o15,d7,t1,n9,15,14,13,12,11,3,6,5,7,
v1718,o15,d7,t1,n12,15,14,13,12,16,1,2,4,3,6,5,7,
v1719,o15,d7,t1,n12,15,14,13,12,16,1,2,4,3,6,5,7,
v1720,o15,d7,t1,n9,15,14,13,12,11,3,6,5,7,
v1721,o15,d7,t1,n9,15,14,13,12,11,3,6,5,7,
v1722,o15,d7,t1,n12,15,14,13,12,16,1,2,4,3,6,5,7,
v1723,o15,d7,t1,n12,15,14,13,12,16,1,2,4,3,6,5,7,
v1724,o15,d7,t1,n9,15,14,13,12,11,3,6,5,7,
v1725,o15,d7,t1,n12,15,14,13,12,16,1,2,4,3,6,5,7,
v1726,o15,d7,t1,n12,15,14,13,12,16,1,2,4,3,6,5,7,
v1727,o15,d7,t1,n9,15,14,13,12,11,3,6,5,7,
v1728,o15,d7,t1,n9,15,14,13,12,11,3,6,5,7,
v1729,o15,d7,t1,n12,15,14,13,12,16,1,2,4,3,6,5,7,
v1730,o15,d7,t1,n9,15,14,13,12,11,3,6,5,7,
v1731,o15,d7,t1,n9,15,14,13,12,11,3,6,5,7,
v1732,o15,d7,t1,n12,15,14,13,12,16,1,2,4,3,6,5,7,
v1733,o15,d7,t1,n12,15,14,13,12,16,1,2,4,3,6,5,7,
v1734,o15,d7,t1,n9,15,14,13,12,11,3,6,5,7,
v1735,o15,d7,t1,n9,15,14,13,12,11,3,6,5,7,
v1736,o15,d7,t1,n12,15,14,13,12,16,1,2,4,3,6,5,7,
v1737,o15,d7,t1,n9,15,14,13,12,11,3,6,5,7,
v1738,o15,d7,t1,n9,15,14,13,12,11,3,6,5,7,
v1739,o15,d7,t1,n12,15,14,13,12,16,1,2,4,3,6,5,7,
v1740,o15,d7,t1,n12,15,14,13,12,16,1,2,4,3,6,5,7,
v1741,o15,d7,t1,n9,15,14,13,12,11,3,6,5,7,
v1742,o15,d7,t1,n12,15,14,13,12,16,1,2,4,3,6,5,7,
v1743,o15,d7,t1,n12,15,14,13,12,16,1,2,4,3,6,5,7,
v1744,o15,d7,t1,n9,15,14,13,12,11,3,6,5,7,
v1745,o15,d7,t1,n9,15,14,13,12,11,3,6,5,7,
v1746,o15,d7,t1,n12,15,14,13,12,16,1,2,4,3,6,5,7,
v1747,o15,d7,t1,n12,15,14,13,12,16,1,2,4,3,6,5,7,
v1748,o15,d7,t1,n9,15,14,13,12,11,3,6,5,7,
v1749,o15,d7,t1,n12,15,14,13,12,16,1,2,4,3,6,5,7,
v1750,o15,d7,t1,n9,15,14,13,12,11,3,6,5,7,
v1751,o15,d7,t1,n9,15,14,13,12,11,3,6,5,7,
v1752,o15,d7,t1,n9,15,14,13,12,11,3,6,5,7,
v1753,o15,d7,t1,n9,15,14,13,12,11,3,6,5,7,
v1754,o15,d7,t1,n9,15,14,13,12,11,3,6,5,7,
v1755,o15,d7,t1,n9,15,14,13,12,11,3,6,5,7,
v1756,o15,d7,t1,n9,15,14,13,12,11,3,6,5,7,
v1757,o15,d7,t1,n9,15,14,13,12,11,3,6,5,7,
v1758,o15,d7,t1,n9,15,14,13,12,11,3,6,5,7,
v1759,o15,d7,t1,n9,15,14,13,12,11,3,6,5,7,
v1760,o15,d7,t1,n9,15,14,13,12,11,3,6,5,7,
v1761,o15,d7,t1,n9,15,14,13,12,11,3,6,5,7,
v1762,o15,d7,t1,n9,15,14,13,12,11,3,6,5,7,
v1763,o15,d7,t1,n9,15,14,13,12,11,3,6,5,7,
v1764,o15,d7,t1,n9,15,14,13,12,11,3,6,5,7,
v1765,o15,d7,t1,n9,15,14,13,12,11,3,6,5,7,
v1766,o15,d7,t1,n9,15,14,13,12,11,3,6,5,7,
v1767,o15,d7,t1,n12,15,14,13,12,16,1,2,4,3,6,5,7,
v1768,o15,d7,t1,n9,15,14,13,12,11,3,6,5,7,
v1769,o15,d7,t1,n9,15,14,13,12,11,3,6,5,7,
v1770,o15,d7,t1,n12,15,14,13,12,16,1,2,4,3,6,5,7,
v1771,o15,d7,t1,n9,15,14,13,12,11,3,6,5,7,
v1772,o15,d7,t1,n9,15,14,13,12,11,3,6,5,7,
v1773,o15,d7,t1,n12,15,14,13,12,16,1,2,4,3,6,5,7,
v1774,o15,d7,t1,n12,15,14,13,12,16,1,2,4,3,6,5,7,
v1775,o15,d7,t1,n9,15,14,13,12,11,3,6,5,7,
v1776,o15,d7,t1,n9,15,14,13,12,11,3,6,5,7,
v1777,o15,d7,t1,n12,15,14,13,12,16,1,2,4,3,6,5,7,
v1778,o15,d7,t1,n9,15,14,13,12,11,3,6,5,7,
v1779,o15,d7,t1,n9,15,14,13,12,11,3,6,5,7,
v1780,o15,d7,t1,n12,15,14,13,12,16,1,2,4,3,6,5,7,
v1781,o15,d7,t1,n12,15,14,13,12,16,1,2,4,3,6,5,7,
v1782,o15,d7,t1,n9,15,14,13,12,11,3,6,5,7,
v1783,o15,d7,t1,n12,15,14,13,12,16,1,2,4,3,6,5,7,
v1784,o15,d7,t1,n12,15,14,13,12,16,1,2,4,3,6,5,7,
v1785,o15,d7,t1,n9,15,14,13,12,11,3,6,5,7,
v1786,o15,d7,t1,n9,15,14,13,12,11,3,6,5,7,
v1787,o15,d7,t1,n12,15,14,13,12,16,1,2,4,3,6,5,7,
v1788,o15,d7,t1,n12,15,14,13,12,16,1,2,4,3,6,5,7,
v1789,o15,d7,t1,n9,15,14,13,12,11,3,6,5,7,
v1790,o15,d7,t1,n12,15,14,13,12,16,1,2,4,3,6,5,7,
v1791,o15,d7,t1,n12,15,14,13,12,16,1,2,4,3,6,5,7,
v1792,o15,d7,t1,n9,15,14,13,12,11,3,6,5,7,
v1793,o15,d7,t1,n9,15,14,13,12,11,3,6,5,7,
v1794,o15,d7,t1,n12,15,14,13,12,16,1,2,4,3,6,5,7,
v1795,o15,d7,t1,n9,15,14,13,12,11,3,6,5,7,
v1796,o15,d7,t1,n9,15,14,13,12,11,3,6,5,7,
v1797,o15,d7,t1,n12,15,14,13,12,16,1,2,4,3,6,5,7,
v1798,o15,d7,t1,n12,15,14,13,12,16,1,2,4,3,6,5,7,
v1799,o15,d7,t1,n9,15,14,13,12,11,3,6,5,7,
v1800,o15,d7,t1,n9,15,14,13,12,11,3,6,5,7,
v1801,o15,d7,t1,n12,15,14,13,12,16,1,2,4,3,6,5,7,
v1802,o15,d7,t1,n9,15,14,13,12,11,3,6,5,7,
v1803,o15,d7,t1,n9,15,14,13,12,11,3,6,5,7,
v1804,o15,d7,t1,n12,15,14,13,12,16,1,2,4,3,6,5,7,
v1805,o15,d7,t1,n12,15,14,13,12,16,1,2,4,3,6,5,7,
v1806,o15,d7,t1,n9,15,14,13,12,11,3,6,5,7,
v1807,o15,d7,t1,n12,15,14,13,12,16,1,2,4,3,6,5,7,
v1808,o15,d7,t1,n12,15,14,13,12,16,1,2,4,3,6,5,7,
v1809,o15,d7,t1,n9,15,14,13,12,11,3,6,5,7,
v1810,o15,d7,t1,n9,15,14,13,12,11,3,6,5,7,
v1811,o15,d7,t1,n12,15,14,13,12,16,1,2,4,3,6,5,7,
v1812,o15,d7,t1,n12,15,14,13,12,16,1,2,4,3,6,5,7,
v1813,o15,d7,t1,n9,15,14,13,12,11,3,6,5,7,
v1814,o15,d7,t1,n12,15,14,13,12,16,1,2,4,3,6,5,7,
v1815,o15,d7,t1,n12,15,14,13,12,16,1,2,4,3,6,5,7,
v1816,o15,d7,t1,n9,15,14,13,12,11,3,6,5,7,
v1817,o15,d7,t1,n9,15,14,13,12,11,3,6,5,7,
v1818,o15,d7,t1,n12,15,14,13,12,16,1,2,4,3,6,5,7,
v1819,o15,d7,t1,n9,15,14,13,12,11,3,6,5,7,
v1820,o15,d7,t1,n9,15,14,13,12,11,3,6,5,7,
v1821,o15,d7,t1,n12,15,14,13,12,16,1,2,4,3,6,5,7,
v1822,o15,d7,t1,n12,15,14,13,12,16,1,2,4,3,6,5,7,
v1823,o15,d7,t1,n9,15,14,13,12,11,3,6,5,7,
v1824,o15,d7,t1,n9,15,14,13,12,11,3,6,5,7,
v1825,o15,d7,t1,n12,15,14,13,12,16,1,2,4,3,6,5,7,
v1826,o15,d7,t1,n9,15,14,13,12,11,3,6,5,7,
v1827,o15,d7,t1,n9,15,14,13,12,11,3,6,5,7,
v1828,o15,d7,t1,n12,15,14,13,12,16,1,2,4,3,6,5,7,
v1829,o15,d7,t1,n12,15,14,13,12,16,1,2,4,3,6,5,7,
v1830,o15,d7,t1,n9,15,14,13,12,11,3,6,5,7,
v1831,o15,d7,t1,n12,15,14,13,12,16,1,2,4,3,6,5,7,
v1832,o15,d7,t1,n12,15,14,13,12,16,1,2,4,3,6,5,7,
v1833,o15,d7,t1,n9,15,14,13,12,11,3,6,5,7,
v1834,o15,d7,t1,n9,15,14,13,12,11,3,6,5,7,
v1835,o15,d7,t1,n12,15,14,13,12,16,1,2,4,3,6,5,7,
v1836,o15,d7,t1,n9,15,14,13,12,11,3,6,5,7,
v1837,o15,d7,t1,n9,15,14,13,12,11,3,6,5,7,
v1838,o15,d7,t1,n12,15,14,13,12,16,1,2,4,3,6,5,7,
v1839,o15,d7,t1,n12,15,14,13,12,16,1,2,4,3,6,5,7,
v1840,o15,d7,t1,n9,15,14,13,12,11,3,6,5,7,
v1841,o15,d7,t1,n9,15,14,13,12,11,3,6,5,7,
v1842,o15,d7,t1,n12,15,14,13,12,16,1,2,4,3,6,5,7,
v1843,o15,d7,t1,n9,15,14,13,12,11,3,6,5,7,
v1844,o15,d7,t1,n9,15,14,13,12,11,3,6,5,7,
v1845,o15,d7,t1,n12,15,14,13,12,16,1,2,4,3,6,5,7,
v1846,o15,d7,t1,n12,15,14,13,12,16,1,2,4,3,6,5,7,
v1847,o15,d7,t1,n9,15,14,13,12,11,3,6,5,7,
v1848,o15,d7,t1,n12,15,14,13,12,16,1,2,4,3,6,5,7,
v1849,o15,d7,t1,n12,15,14,13,12,16,1,2,4,3,6,5,7,
v1850,o15,d7,t1,n9,15,14,13,12,11,3,6,5,7,
v1851,o15,d7,t1,n9,15,14,13,12,11,3,6,5,7,
v1852,o15,d7,t1,n12,15,14,13,12,16,1,2,4,3,6,5,7,
v1853,o15,d7,t1,n12,15,14,13,12,16,1,2,4,3,6,5,7,
v1854,o15,d7,t1,n9,15,14,13,12,11,3,6,5,7,
v1855,o15,d7,t1,n12,15,14,13,12,16,1,2,4,3,6,5,7,
v1856,o15,d7,t1,n12,15,14,13,12,16,1,2,4,3,6,5,7,
v1857,o15,d7,t1,n9,15,14,13,12,11,3,6,5,7,
v1858,o15,d7,t1,n9,15,14,13,12,11,3,6,5,7,
v1859,o15,d7,t1,n12,15,14,13,12,16,1,2,4,3,6,5,7,
v1860,o15,d7,t1,n9,15,14,13,12,11,3,6,5,7,
v1861,o15,d7,t1,n9,15,14,13,12,11,3,6,5,7,
v1862,o15,d7,t1,n12,15,14,13,12,16,1,2,4,3,6,5,7,
v1863,o15,d7,t1,n12,15,14,13,12,16,1,2,4,3,6,5,7,
v1864,o15,d7,t1,n9,15,14,13,12,11,3,6,5,7,
v1865,o15,d7,t1,n9,15,14,13,12,11,3,6,5,7,
v1866,o15,d7,t1,n12,15,14,13,12,16,1,2,4,3,6,5,7,
v1867,o15,d7,t1,n9,15,14,13,12,11,3,6,5,7,
v1868,o15,d7,t1,n9,15,14,13,12,11,3,6,5,7,
v1869,o15,d7,t1,n12,15,14,13,12,16,1,2,4,3,6,5,7,
v1870,o15,d7,t1,n12,15,14,13,12,16,1,2,4,3,6,5,7,
v1871,o15,d7,t1,n9,15,14,13,12,11,3,6,5,7,
v1872,o15,d7,t1,n12,15,14,13,12,16,1,2,4,3,6,5,7,
v1873,o15,d7,t1,n12,15,14,13,12,16,1,2,4,3,6,5,7,
v1874,o15,d7,t1,n9,15,14,13,12,11,3,6,5,7,
v1875,o15,d7,t1,n9,15,14,13,12,11,3,6,5,7,
v1876,o15,d7,t1,n12,15,14,13,12,16,1,2,4,3,6,5,7,
v1877,o15,d7,t1,n12,15,14,13,12,16,1,2,4,3,6,5,7,
v1878,o15,d7,t1,n9,15,14,13,12,11,3,6,5,7,
v1879,o15,d7,t1,n12,15,14,13,12,16,1,2,4,3,6,5,7,
v1880,o15,d7,t1,n12,15,14,13,12,16,1,2,4,3,6,5,7,
v1881,o15,d7,t1,n9,15,14,13,12,11,3,6,5,7,
v1882,o15,d7,t1,n9,15,14,13,12,11,3,6,5,7,
v1883,o15,d7,t1,n12,15,14,13,12,16,1,2,4,3,6,5,7,
v1884,o15,d7,t1,n9,15,14,13,12,11,3,6,5,7,
v1885,o15,d7,t1,n9,15,14,13,12,11,3,6,5,7,
v1886,o15,d7,t1,n12,15,14,13,12,16,1,2,4,3,6,5,7,
v1887,o15,d7,t1,n12,15,14,13,12,16,1,2,4,3,6,5,7,
v1888,o15,d7,t1,n9,15,14,13,12,11,3,6,5,7,
v1889,o15,d7,t1,n9,15,14,13,12,11,3,6,5,7,
v1890,o15,d7,t1,n12,15,14,13,12,16,1,2,4,3,6,5,7,
v1891,o15,d7,t1,n9,15,14,13,12,11,3,6,5,7,
v1892,o15,d7,t1,n9,15,14,13,12,11,3,6,5,7,
v1893,o15,d7,t1,n12,15,14,13,12,16,1,2,4,3,6,5,7,
v1894,o15,d7,t1,n12,15,14,13,12,16,1,2,4,3,6,5,7,
v1895,o15,d7,t1,n9,15,14,13,12,11,3,6,5,7,
v1896,o15,d7,t1,n12,15,14,13,12,16,1,2,4,3,6,5,7,
v1897,o15,d7,t1,n12,15,14,13,12,16,1,2,4,3,6,5,7,
v1898,o15,d7,t1,n9,15,14,13,12,11,3,6,5,7,
v1899,o15,d7,t1,n9,15,14,13,12,11,3,6,5,7,
v1900,o15,d7,t1,n12,15,14,13,12,16,1,2,4,3,6,5,7,
v1901,o15,d7,t1,n12,15,14,13,12,16,1,2,4,3,6,5,7,
v1902,o15,d7,t1,n9,15,14,13,12,11,3,6,5,7,
v1903,o15,d7,t1,n12,15,14,13,12,16,1,2,4,3,6,5,7,
v1904,o15,d7,t1,n12,15,14,13,12,16,1,2,4,3,6,5,7,
v1905,o15,d7,t1,n9,15,14,13,12,11,3,6,5,7,
v1906,o15,d7,t1,n9,15,14,13,12,11,3,6,5,7,
v1907,o15,d7,t1,n12,15,14,13,12,16,1,2,4,3,6,5,7,
v1908,o15,d7,t1,n9,15,14,13,12,11,3,6,5,7,
v1909,o15,d7,t1,n9,15,14,13,12,11,3,6,5,7,
v1910,o15,d7,t1,n12,15,14,13,12,16,1,2,4,3,6,5,7,
v1911,o15,d7,t1,n12,15,14,13,12,16,1,2,4,3,6,5,7,
v1912,o15,d7,t1,n9,15,14,13,12,11,3,6,5,7,
v1913,o15,d7,t1,n12,15,14,13,12,16,1,2,4,3,6,5,7,
v1914,o15,d7,t1,n12,15,14,13,12,16,1,2,4,3,6,5,7,
v1915,o15,d7,t1,n9,15,14,13,12,11,3,6,5,7,
v1916,o15,d7,t1,n9,15,14,13,12,11,3,6,5,7,
v1917,o15,d7,t1,n12,15,14,13,12,16,1,2,4,3,6,5,7,
v1918,o15,d7,t1,n12,15,14,13,12,16,1,2,4,3,6,5,7,
v1919,o15,d7,t1,n9,15,14,13,12,11,3,6,5,7,
v1920,o15,d7,t1,n12,15,14,13,12,16,1,2,4,3,6,5,7,
v1921,o15,d7,t1,n12,15,14,13,12,16,1,2,4,3,6,5,7,
v1922,o15,d7,t1,n9,15,14,13,12,11,3,6,5,7,
v1923,o15,d7,t1,n9,15,14,13,12,11,3,6,5,7,
v1924,o15,d7,t1,n12,15,14,13,12,16,1,2,4,3,6,5,7,
v1925,o15,d7,t1,n9,15,14,13,12,11,3,6,5,7,
v1926,o15,d7,t1,n9,15,14,13,12,11,3,6,5,7,
v1927,o15,d7,t1,n12,15,14,13,12,16,1,2,4,3,6,5,7,
v1928,o15,d7,t1,n12,15,14,13,12,16,1,2,4,3,6,5,7,
v1929,o15,d7,t1,n9,15,14,13,12,11,3,6,5,7,
v1930,o15,d7,t1,n9,15,14,13,12,11,3,6,5,7,
v1931,o15,d7,t1,n12,15,14,13,12,16,1,2,4,3,6,5,7,
v1932,o15,d7,t1,n9,15,14,13,12,11,3,6,5,7,
v1933,o15,d7,t1,n9,15,14,13,12,11,3,6,5,7,
v1934,o15,d7,t1,n12,15,14,13,12,16,1,2,4,3,6,5,7,
v1935,o15,d7,t1,n12,15,14,13,12,16,1,2,4,3,6,5,7,
v1936,o15,d7,t1,n9,15,14,13,12,11,3,6,5,7,
v1937,o15,d7,t1,n12,15,14,13,12,16,1,2,4,3,6,5,7,
v1938,o15,d7,t1,n12,15,14,13,12,16,1,2,4,3,6,5,7,
v1939,o15,d7,t1,n9,15,14,13,12,11,3,6,5,7,
v1940,o15,d7,t1,n9,15,14,13,12,11,3,6,5,7,
v1941,o15,d7,t1,n12,15,14,13,12,16,1,2,4,3,6,5,7,
v1942,o15,d7,t1,n12,15,14,13,12,16,1,2,4,3,6,5,7,
v1943,o15,d7,t1,n9,15,14,13,12,11,3,6,5,7,
v1944,o15,d7,t1,n12,15,14,13,12,16,1,2,4,3,6,5,7,
v1945,o15,d7,t1,n12,15,14,13,12,16,1,2,4,3,6,5,7,
v1946,o15,d7,t1,n9,15,14,13,12,11,3,6,5,7,
v1947,o15,d7,t1,n9,15,14,13,12,11,3,6,5,7,
v1948,o15,d7,t1,n12,15,14,13,12,16,1,2,4,3,6,5,7,
v1949,o15,d7,t1,n9,15,14,13,12,11,3,6,5,7,
v1950,o15,d7,t1,n9,15,14,13,12,11,3,6,5,7,
v1951,o15,d7,t1,n12,15,14,13,12,16,1,2,4,3,6,5,7,
v1952,o15,d7,t1,n12,15,14,13,12,16,1,2,4,3,6,5,7,
v1953,o15,d7,t1,n9,15,14,13,12,11,3,6,5,7,
v1954,o15,d7,t1,n9,15,14,13,12,11,3,6,5,7,
v1955,o15,d7,t1,n12,15,14,13,12,16,1,2,4,3,6,5,7,
v1956,o15,d7,t1,n9,15,14,13,12,11,3,6,5,7,
v1957,o15,d7,t1,n9,15,14,13,12,11,3,6,5,7,
v1958,o15,d7,t1,n12,15,14,13,12,16,1,2,4,3,6,5,7,
v1959,o15,d7,t1,n12,15,14,13,12,16,1,2,4,3,6,5,7,
v1960,o15,d7,t1,n9,15,14,13,12,11,3,6,5,7,
v1961,o15,d7,t1,n12,15,14,13,12,16,1,2,4,3,6,5,7,
v1962,o15,d7,t1,n12,15,14,13,12,16,1,2,4,3,6,5,7,
v1963,o15,d7,t1,n9,15,14,13,12,11,3,6,5,7,
v1964,o15,d7,t1,n9,15,14,13,12,11,3,6,5,7,
v1965,o15,d7,t1,n12,15,14,13,12,16,1,2,4,3,6,5,7,
v1966,o15,d7,t1,n12,15,14,13,12,16,1,2,4,3,6,5,7,
v1967,o15,d7,t1,n9,15,14,13,12,11,3,6,5,7,
v1968,o15,d7,t1,n12,15,14,13,12,16,1,2,4,3,6,5,7,
v1969,o15,d7,t1,n12,15,14,13,12,16,1,2,4,3,6,5,7,
v1970,o15,d7,t1,n9,15,14,13,12,11,3,6,5,7,
v1971,o15,d7,t1,n9,15,14,13,12,11,3,6,5,7,
v1972,o15,d7,t1,n12,15,14,13,12,16,1,2,4,3,6,5,7,
v1973,o15,d7,t1,n9,15,14,13,12,11,3,6,5,7,
v1974,o15,d7,t1,n9,15,14,13,12,11,3,6,5,7,
v1975,o15,d7,t1,n12,15,14,13,12,16,1,2,4,3,6,5,7,
v1976,o15,d7,t1,n12,15,14,13,12,16,1,2,4,3,6,5,7,
v1977,o15,d7,t1,n9,15,14,13,12,11,3,6,5,7,
v1978,o15,d7,t1,n9,15,14,13,12,11,3,6,5,7,
v1979,o15,d7,t1,n12,15,14,13,12,16,1,2,4,3,6,5,7,
v1980,o15,d7,t1,n9,15,14,13,12,11,3,6,5,7,
v1981,o15,d7,t1,n9,15,14,13,12,11,3,6,5,7,
v1982,o15,d7,t1,n12,15,14,13,12,16,1,2,4,3,6,5,7,
v1983,o15,d7,t1,n12,15,14,13,12,16,1,2,4,3,6,5,7,
v1984,o15,d7,t1,n9,15,14,13,12,11,3,6,5,7,
v1985,o15,d7,t1,n12,15,14,13,12,16,1,2,4,3,6,5,7,
v1986,o15,d7,t1,n12,15,14,13,12,16,1,2,4,3,6,5,7,
v1987,o15,d7,t1,n9,15,14,13,12,11,3,6,5,7,
v1988,o15,d7,t1,n9,15,14,13,12,11,3,6,5,7,
v1989,o15,d7,t1,n12,15,14,13,12,16,1,2,4,3,6,5,7,
v1990,o15,d7,t1,n9,15,14,13,12,11,3,6,5,7,
v1991,o15,d7,t1,n9,15,14,13,12,11,3,6,5,7,
v1992,o15,d7,t1,n12,15,14,13,12,16,1,2,4,3,6,5,7,
v1993,o15,d7,t1,n12,15,14,13,12,16,1,2,4,3,6,5,7,
v1994,o15,d7,t1,n9,15,14,13,12,11,3,6,5,7,
v1995,o15,d7,t1,n9,15,14,13,12,11,3,6,5,7,
v1996,o15,d7,t1,n12,15,14,13,12,16,1,2,4,3,6,5,7,
v1997,o15,d7,t1,n9,15,14,13,12,11,3,6,5,7,
v1998,o15,d7,t1,n9,15,14,13,12,11,3,6,5,7,
v1999,o15,d7,t1,n12,15,14,13,12,16,1,2,4,3,6,5,7,
